Date,Currency,Category,Country,Amount
2021-01-04 13:13:08+00:00,USD,You have a payment,,335.62
2021-01-04 13:16:50+00:00,GBP,You have a payment,,194.66
2021-01-05 07:32:59+00:00,EUR,,,15.5
2021-02-06 10:34:24+00:00,EUR,,,15.5
2021-03-05 11:22:10+00:00,EUR,,,15.5
2021-03-24 12:36:23+00:00,CHF,,,99.0
2021-03-24 12:36:23+00:00,GBP,,,81.34
2021-04-23 04:58:00+00:00,CHF,,,17.23
2021-04-26 07:39:42+00:00,CHF,,,11.2
2021-05-06 13:13:31+00:00,EUR,,,17.07
2021-05-06 13:14:04+00:00,EUR,,,17.07
2021-05-06 13:15:22+00:00,EUR,,,15.5
2021-05-27 13:50:09+00:00,RUB,,,13550.85
2021-05-27 13:50:09+00:00,USD,,,198.45
2021-05-27 13:50:09+00:00,RUB,,,13940.15
2021-05-30 07:31:27+00:00,USD,,,130.0
2021-05-30 07:35:52+00:00,EUR,,,117.82
2021-05-30 07:35:52+00:00,GBP,,,109.53
2021-05-30 07:35:52+00:00,EUR,,,122.18
2021-06-05 14:31:37+00:00,EUR,,,15.5
2021-06-05 14:31:37+00:00,CHF,,,17.7
2021-07-05 14:43:46+00:00,EUR,,,15.5
2021-08-05 06:56:45+00:00,EUR,,,15.5
2021-08-19 20:23:22+00:00,USD,,,57.13
2021-08-19 20:23:22+00:00,USD,Bootstrap Studio - Lifetime,,59.0
2021-09-06 11:06:32+00:00,EUR,,,15.5
2021-10-07 09:03:17+00:00,EUR,,,15.5
2021-10-18 07:08:38+00:00,EUR,,,10.97
2021-11-06 09:43:44+00:00,EUR,,,15.5
2021-11-21 17:06:05+00:00,EUR,,,95.85
2021-11-21 17:06:05+00:00,EUR,1xPyCharm,,95.85
2021-12-05 13:38:51+00:00,EUR,,,15.5
2022-01-05 17:53:38+00:00,EUR,,,15.5
2022-01-28 19:35:39+00:00,EUR,Surfshark 27 month,,57.78
2022-01-28 19:35:39+00:00,EUR,,,57.78
2022-01-30 08:22:02+00:00,EUR,,,57.78
2022-02-08 21:11:40+00:00,EUR,,,15.5
2022-02-24 08:44:50+00:00,CHF,,,489.27
2022-02-24 08:44:50+00:00,CHF,RazomforUkrain,,500.0
2022-03-01 08:34:17+00:00,CHF,,,500.0
2022-03-01 08:34:17+00:00,CHF,UkrainianAmeri,,500.0
2022-03-06 11:05:35+00:00,EUR,,,15.5
2022-03-08 05:59:58+00:00,CHF,,,200.0
2022-03-08 05:59:58+00:00,CHF,UkrainianAmeri,,200.0
2022-03-14 05:55:58+00:00,CHF,,,50.0
2022-03-14 05:55:58+00:00,CHF,RazomforUkrain,,50.0
2022-03-23 19:43:26+00:00,CHF,FundacjaOcalen,,50.0
2022-03-23 19:43:26+00:00,CHF,,,50.0
2022-03-24 13:28:21+00:00,CHF,,,99.0
2022-03-31 21:59:14+00:00,CHF,,,30.0
2022-04-05 07:52:37+00:00,EUR,,,15.5
2022-04-05 08:02:10+00:00,USD,,,12.63
2022-04-24 17:44:57+00:00,CHF,,,250.0
2022-04-24 17:44:57+00:00,CHF,NovaUkraine,,250.0
2022-04-28 14:26:45+00:00,CHF,,,335.0
2022-05-07 10:31:55+00:00,EUR,,,15.5
2022-05-07 16:49:50+00:00,EUR,,,18.29
2022-05-07 16:50:21+00:00,EUR,,,18.29
2022-06-07 13:10:46+00:00,EUR,,,15.5
2022-07-10 08:20:25+00:00,EUR,,,15.5
2022-08-05 16:41:09+00:00,EUR,,,17.02
2022-08-13 08:53:44+00:00,CHF,,,18.8
2022-08-21 08:32:50+00:00,EUR,1xPyCharm,,176.4
2022-08-21 08:32:50+00:00,EUR,,,176.4
2022-09-10 07:36:41+00:00,EUR,,,15.5
2022-10-05 12:56:19+00:00,EUR,,,15.349999999999998
2022-10-07 10:16:29+00:00,EUR,,,0.15
2022-10-07 10:16:29+00:00,EUR,,,15.5
2022-10-19 11:33:30+00:00,EUR,,,12.19
2022-11-09 11:18:51+00:00,EUR,,,15.5
2022-11-11 12:23:09+00:00,EUR,You have a payment,,82.04
2022-11-11 12:25:46+00:00,USD,You have a payment,,119.74
2022-11-11 12:27:24+00:00,GBP,You have a payment,,697.74
2022-11-11 19:41:39+00:00,EUR,,,77.2
2022-11-11 19:44:08+00:00,EUR,,,762.42
2022-11-11 19:44:08+00:00,EUR,,,757.58
2022-11-11 19:44:08+00:00,GBP,,,700.39
2022-11-11 19:45:00+00:00,EUR,,,110.42
2022-11-11 19:45:00+00:00,EUR,,,105.58
2022-11-11 19:45:00+00:00,USD,,,118.24
2022-11-13 13:55:19+00:00,CHF,Donations,,10.0
2022-11-13 13:55:19+00:00,CHF,,,10.0
2022-11-15 21:44:59+00:00,CHF,,,98.0
2022-11-16 07:52:07+00:00,EUR,,,20.0
2022-11-20 15:14:46+00:00,EUR,,,100.0
2022-12-05 08:31:13+00:00,EUR,,,15.5
2023-01-07 17:08:20+00:00,EUR,,,15.5
2023-02-06 19:37:48+00:00,EUR,,,16.95
2023-02-21 16:56:28+00:00,USD,,,104.65
2023-02-21 16:56:28+00:00,EUR,,,102.18
2023-02-21 16:56:28+00:00,USD,,,100.99
2023-03-06 09:49:27+00:00,EUR,,,16.95
2023-03-06 09:49:27+00:00,EUR,,,16.08
2023-03-24 10:18:38+00:00,CHF,,,129.0
2023-03-24 10:18:38+00:00,EUR,,,32.56
2023-03-24 10:18:38+00:00,CHF,,,31.0
2023-04-05 07:13:52+00:00,EUR,,,16.95
2023-05-08 08:18:37+00:00,EUR,,,16.95
2023-05-09 02:36:50+00:00,USD,,US,1.0
2023-05-09 02:36:51+00:00,USD,,,0.97
2023-05-09 02:36:51+00:00,USD,,US,0.97
2023-05-09 02:40:36+00:00,USD,,US,1.46
2023-05-09 02:46:40+00:00,USD,,US,0.72
2023-05-11 02:13:07+00:00,USD,,US,3.39
2023-05-11 02:32:27+00:00,USD,,US,1.45
2023-05-11 02:56:13+00:00,USD,General,US,2.42
2023-05-11 03:02:00+00:00,USD,100 Drones for Ukraine,US,4.37
2023-05-11 05:24:37+00:00,USD,General,US,1.94
2023-05-11 05:37:16+00:00,USD,Mobile Shower Laundry Units,US,2.91
2023-05-12 05:24:28+00:00,USD,General,FI,47.31
2023-05-12 17:48:41+00:00,USD,General,CA,19.68
2023-05-14 13:07:54+00:00,USD,General,DE,19.68
2023-05-14 13:44:26+00:00,USD,General,ES,4.91
2023-05-14 13:47:25+00:00,USD,General,US,19.1
2023-05-14 13:52:53+00:00,USD,General,DE,18.63
2023-05-14 21:57:50+00:00,USD,General,US,50.0
2023-05-15 15:16:07+00:00,USD,General,CH,9.07
2023-05-15 15:18:21+00:00,USD,General,US,35.0
2023-05-15 15:47:33+00:00,USD,General,US,48.06
2023-05-15 17:00:58+00:00,USD,General,DE,196.91
2023-05-16 11:10:54+00:00,USD,General,US,9.38
2023-05-16 11:42:18+00:00,USD,General,EE,20.75
2023-05-16 21:49:20+00:00,USD,100 Drones for Ukraine,US,200.0
2023-05-17 04:41:58+00:00,USD,General,CA,295.36
2023-05-18 04:24:59+00:00,USD,100 Drones for Ukraine,US,150.0
2023-05-18 08:56:11+00:00,USD,100 Drones for Ukraine,US,100.0
2023-05-19 01:45:41+00:00,USD,General,US,48.06
2023-05-19 04:31:14+00:00,USD,General,UA,9.07
2023-05-19 05:18:37+00:00,USD,General,FR,24.61
2023-05-19 08:17:00+00:00,USD,General,DK,18.63
2023-05-19 08:58:21+00:00,USD,General,DE,19.68
2023-05-19 08:59:16+00:00,USD,General,DE,4.91
2023-05-19 09:00:08+00:00,USD,General,UA,2.38
2023-05-19 09:07:51+00:00,USD,General,GB,47.31
2023-05-19 09:28:30+00:00,USD,100 Drones for Ukraine,IT,9.84
2023-05-19 09:28:40+00:00,USD,General,DE,14.76
2023-05-19 09:35:54+00:00,USD,General,BE,98.45
2023-05-19 10:00:15+00:00,USD,General,DE,98.45
2023-05-19 10:23:19+00:00,USD,General,PL,98.45
2023-05-19 10:38:09+00:00,USD,General,US,50.0
2023-05-19 11:04:04+00:00,USD,General,GB,9.07
2023-05-19 11:47:54+00:00,USD,General,DE,9.07
2023-05-19 11:49:33+00:00,USD,General,US,96.62
2023-05-19 12:17:58+00:00,USD,General,DE,18.63
2023-05-19 12:22:36+00:00,USD,General,US,50.0
2023-05-19 13:31:18+00:00,USD,General,US,100.0
2023-05-19 13:41:56+00:00,USD,General,DE,29.53
2023-05-19 13:50:50+00:00,USD,General,US,30.0
2023-05-19 14:31:25+00:00,USD,General,DE,18.63
2023-05-19 15:00:33+00:00,USD,General,CA,98.45
2023-05-19 20:54:23+00:00,USD,General,GB,47.31
2023-05-19 22:40:43+00:00,USD,100 Drones for Ukraine,US,23.79
2023-05-19 22:53:08+00:00,USD,100 Drones for Ukraine,US,28.64
2023-05-20 00:54:26+00:00,USD,General,US,50.0
2023-05-20 02:44:35+00:00,USD,,,2300.0
2023-05-20 04:31:42+00:00,USD,General,US,50.0
2023-05-20 12:42:10+00:00,USD,General,US,96.62
2023-05-20 14:06:05+00:00,USD,General,US,300.0
2023-05-20 16:32:48+00:00,USD,100 Drones for Ukraine,US,9.22
2023-05-20 17:35:04+00:00,USD,100 Drones for Ukraine,US,100.0
2023-05-20 18:23:52+00:00,USD,100 Drones for Ukraine,US,30.0
2023-05-20 18:25:05+00:00,USD,Veteranius,US,20.0
2023-05-20 18:44:26+00:00,USD,General,DE,117.54
2023-05-20 19:27:56+00:00,USD,100 Drones for Ukraine,US,25.0
2023-05-20 20:05:51+00:00,USD,,US,97.01
2023-05-20 23:12:48+00:00,USD,General,US,40.0
2023-05-21 12:03:48+00:00,USD,General,PL,24.61
2023-05-21 15:44:44+00:00,USD,100 Drones for Ukraine,US,9.22
2023-05-21 16:29:05+00:00,USD,100 Drones for Ukraine,US,48.06
2023-05-21 16:54:59+00:00,USD,General,US,9.22
2023-05-21 17:09:20+00:00,USD,,US,97.01
2023-05-21 17:29:36+00:00,USD,,US,48.5
2023-05-21 18:02:47+00:00,USD,Veteranius,US,9.22
2023-05-21 18:03:19+00:00,USD,,US,97.01
2023-05-21 18:08:58+00:00,USD,100 Drones for Ukraine,US,18.93
2023-05-21 18:31:14+00:00,USD,100 Drones for Ukraine,US,28.64
2023-05-21 19:21:22+00:00,USD,,US,19.4
2023-05-21 20:14:58+00:00,USD,,US,38.8
2023-05-21 20:59:31+00:00,USD,General,US,50.0
2023-05-21 21:08:01+00:00,USD,General,US,10.0
2023-05-21 21:26:56+00:00,USD,100 Drones for Ukraine,US,96.62
2023-05-21 21:43:48+00:00,USD,General,US,10.0
2023-05-21 22:10:03+00:00,USD,100 Drones for Ukraine,US,20.0
2023-05-21 22:54:22+00:00,USD,100 Drones for Ukraine,US,9.22
2023-05-22 15:08:29+00:00,USD,General,US,96.62
2023-05-22 15:52:37+00:00,USD,General,DE,9.84
2023-05-23 18:13:50+00:00,USD,,,1700.0
2023-05-24 21:46:29+00:00,USD,General,CH,9.84
2023-05-24 22:31:53+00:00,USD,General,US,19.17
2023-05-24 22:57:38+00:00,USD,General,US,23.79
2023-05-25 01:20:35+00:00,USD,General,US,100.0
2023-05-25 07:39:52+00:00,USD,General,FI,95.12
2023-05-25 14:27:42+00:00,USD,General,DE,246.13
2023-05-25 17:17:34+00:00,USD,General,US,200.0
2023-05-26 09:45:55+00:00,USD,General,PL,44.290000000000006
2023-05-27 06:39:11+00:00,USD,General,EE,95.12
2023-05-27 10:19:27+00:00,USD,General,AT,29.53
2023-05-27 15:34:29+00:00,USD,General,US,96.62
2023-05-27 17:11:06+00:00,USD,Victory Drones,US,100.0
2023-05-27 18:01:25+00:00,USD,General,DE,24.61
2023-05-28 18:15:32+00:00,USD,General,UA,9.84
2023-05-29 09:54:30+00:00,USD,General,PL,18.63
2023-05-29 12:38:33+00:00,USD,,,0.97
2023-05-30 00:49:22+00:00,USD,General,US,100.0
2023-05-30 01:46:35+00:00,USD,100 Drones for Ukraine,US,100.0
2023-06-02 13:06:03+00:00,USD,General,CA,71.22
2023-06-02 15:37:29+00:00,USD,General,US,96.62
2023-06-03 18:27:46+00:00,USD,General,PL,29.53
2023-06-04 05:34:23+00:00,USD,General,US,50.0
2023-06-04 19:13:29+00:00,USD,General,FR,98.45
2023-06-05 07:05:56+00:00,USD,General,GB,190.73
2023-06-05 17:06:01+00:00,USD,100 Drones for Ukraine,US,250.0
2023-06-05 20:32:31+00:00,USD,General,FI,47.31
2023-06-06 01:47:05+00:00,USD,,,2000.0
2023-06-06 10:51:33+00:00,USD,General,DE,4.29
2023-06-06 18:19:41+00:00,USD,General,US,9.22
2023-06-06 20:29:27+00:00,USD,General,DE,47.31
2023-06-07 04:01:24+00:00,USD,General,US,96.62
2023-06-07 10:25:25+00:00,USD,General,GB,19.68
2023-06-07 15:50:44+00:00,USD,General,US,48.06
2023-06-07 20:26:51+00:00,USD,General,DE,68.35
2023-06-07 20:57:17+00:00,USD,General,UA,286.34
2023-06-08 13:55:50+00:00,USD,General,PL,19.68
2023-06-08 15:01:46+00:00,USD,General,US,23.79
2023-06-08 15:05:19+00:00,USD,General,DE,98.45
2023-06-08 18:27:03+00:00,USD,General,US,96.62
2023-06-08 20:36:17+00:00,USD,Victory Drones,DK,49.22
2023-06-09 03:37:00+00:00,USD,,,1000.0
2023-06-09 13:20:51+00:00,USD,Victory Drones,JP,98.45
2023-06-09 13:29:14+00:00,USD,General,DE,19.68
2023-06-09 16:17:46+00:00,USD,General,US,50.0
2023-06-10 04:53:30+00:00,USD,General,DE,14.76
2023-06-10 06:21:48+00:00,USD,General,DE,9.84
2023-06-10 07:04:02+00:00,USD,General,FR,18.63
2023-06-10 07:26:19+00:00,USD,General,PL,49.22
2023-06-10 08:27:47+00:00,USD,General,DE,9.07
2023-06-10 08:41:38+00:00,USD,General,UA,95.12
2023-06-10 09:21:38+00:00,USD,General,UA,18.76
2023-06-10 10:28:04+00:00,USD,General,DE,98.45
2023-06-10 10:52:27+00:00,USD,General,AU,95.12
2023-06-10 12:11:02+00:00,USD,General,UA,49.22
2023-06-10 13:37:12+00:00,USD,General,DE,29.53
2023-06-10 15:33:08+00:00,USD,General,DE,23.41
2023-06-10 17:08:48+00:00,USD,General,US,193.73
2023-06-10 17:58:40+00:00,USD,General,UA,13.85
2023-06-10 17:59:37+00:00,USD,Victory Drones,DE,95.12
2023-06-10 20:05:36+00:00,USD,General,IT,95.12
2023-06-10 20:08:09+00:00,USD,General,US,10.0
2023-06-10 20:57:28+00:00,USD,General,DE,190.73
2023-06-10 21:25:34+00:00,USD,General,US,50.0
2023-06-10 21:28:34+00:00,USD,General,US,50.0
2023-06-10 22:00:12+00:00,USD,General,US,96.62
2023-06-10 23:26:43+00:00,USD,General,UA,95.12
2023-06-10 23:38:31+00:00,USD,General,DE,9.84
2023-06-11 00:03:47+00:00,USD,General,US,18.93
2023-06-11 06:58:56+00:00,USD,General,PL,24.61
2023-06-11 07:11:14+00:00,USD,General,DE,13.85
2023-06-11 08:11:22+00:00,USD,General,AE,47.31
2023-06-11 10:50:15+00:00,USD,General,DE,24.61
2023-06-11 10:58:42+00:00,USD,General,IT,18.63
2023-06-11 13:02:54+00:00,USD,General,DE,246.13
2023-06-11 13:57:53+00:00,USD,General,CA,95.12
2023-06-11 14:06:45+00:00,USD,General,DE,9.07
2023-06-11 14:58:06+00:00,USD,General,FI,47.31
2023-06-11 17:17:51+00:00,USD,General,US,193.73
2023-06-11 18:02:07+00:00,USD,Mobile Shower Laundry Units,US,100.0
2023-06-11 18:19:46+00:00,USD,General,DE,23.41
2023-06-11 21:08:45+00:00,USD,General,US,48.06
2023-06-11 22:59:59+00:00,USD,General,US,50.0
2023-06-11 23:17:32+00:00,USD,General,MX,4.91
2023-06-12 01:19:56+00:00,USD,General,CA,49.22
2023-06-12 01:23:33+00:00,USD,General,CA,190.73
2023-06-12 01:27:25+00:00,USD,100 Drones for Ukraine,US,50.0
2023-06-12 08:35:25+00:00,USD,General,DE,104.68
2023-06-12 14:19:41+00:00,USD,100 Drones for Ukraine,US,485.06
2023-06-12 21:28:34+00:00,USD,General,DE,98.45
2023-06-12 23:47:55+00:00,USD,100 Drones for Ukraine,US,30.0
2023-06-13 06:06:04+00:00,USD,General,UA,1.96
2023-06-13 11:53:27+00:00,USD,General,US,50.0
2023-06-13 13:36:18+00:00,USD,General,UA,29.53
2023-06-13 18:58:12+00:00,USD,General,US,48.06
2023-06-13 19:23:38+00:00,USD,General,US,96.62
2023-06-13 19:32:22+00:00,USD,100 Drones for Ukraine,US,100.0
2023-06-13 19:36:52+00:00,USD,General,US,25.0
2023-06-13 20:33:01+00:00,USD,General,UA,477.56
2023-06-13 21:22:02+00:00,USD,General,ES,18.63
2023-06-13 22:00:04+00:00,USD,General,DE,9.84
2023-06-14 00:35:30+00:00,USD,General,CA,49.22
2023-06-14 12:41:49+00:00,USD,General,AU,95.12
2023-06-14 13:36:25+00:00,USD,100 Drones for Ukraine,US,40.0
2023-06-14 14:57:21+00:00,USD,General,US,100.0
2023-06-14 15:58:30+00:00,USD,100 Drones for Ukraine,US,23.79
2023-06-14 17:36:49+00:00,USD,General,PL,4.29
2023-06-14 20:35:19+00:00,USD,General,DE,190.73
2023-06-14 20:46:20+00:00,USD,General,DE,49.22
2023-06-14 21:51:02+00:00,USD,,,5000.0
2023-06-15 02:25:49+00:00,USD,General,US,40.0
2023-06-15 13:00:21+00:00,USD,General,PL,190.73
2023-06-15 18:24:06+00:00,USD,General,BE,47.31
2023-06-15 20:57:29+00:00,USD,100 Drones for Ukraine,US,50.0
2023-06-15 21:27:31+00:00,USD,Victory Drones,DE,98.45
2023-06-15 23:09:21+00:00,USD,100 Drones for Ukraine,MX,19.68
2023-06-16 03:08:03+00:00,USD,General,CA,14.76
2023-06-16 05:57:45+00:00,USD,General,FR,286.34
2023-06-16 07:11:32+00:00,USD,General,PL,492.26
2023-06-16 11:00:24+00:00,USD,General,EE,20.75
2023-06-16 16:12:54+00:00,USD,100 Drones for Ukraine,US,20.0
2023-06-16 19:50:38+00:00,USD,General,PL,196.91
2023-06-16 20:10:54+00:00,USD,100 Drones for Ukraine,CA,49.22
2023-06-16 21:22:21+00:00,USD,General,NL,295.36
2023-06-17 01:42:30+00:00,USD,General,CA,98.45
2023-06-17 04:58:02+00:00,USD,General,LT,49.22
2023-06-17 09:29:01+00:00,USD,General,DE,19.68
2023-06-17 17:25:18+00:00,USD,100 Drones for Ukraine,US,25.0
2023-06-17 19:21:04+00:00,USD,100 Drones for Ukraine,US,50.0
2023-06-17 19:28:21+00:00,USD,100 Drones for Ukraine,AE,20.54
2023-06-17 20:38:24+00:00,USD,General,GB,9.84
2023-06-18 03:37:32+00:00,USD,General,US,85.0
2023-06-18 13:11:07+00:00,USD,100 Drones for Ukraine,DE,14.76
2023-06-18 20:34:43+00:00,USD,100 Drones for Ukraine,US,48.06
2023-06-18 20:41:39+00:00,USD,100 Drones for Ukraine,US,9.22
2023-06-18 21:56:33+00:00,USD,100 Drones for Ukraine,US,5.0
2023-06-19 12:23:49+00:00,GBP,,GB,47.75
2023-06-19 21:41:38+00:00,USD,General,DE,49.22
2023-06-20 00:56:31+00:00,USD,General,US,96.62
2023-06-20 10:44:58+00:00,USD,General,CA,9.07
2023-06-21 10:34:09+00:00,USD,General,US,50.0
2023-06-21 11:04:30+00:00,USD,General,PL,24.61
2023-06-21 19:10:23+00:00,USD,100 Drones for Ukraine,US,25.0
2023-06-21 19:29:11+00:00,USD,General,US,50.0
2023-06-21 20:23:14+00:00,USD,General,AT,95.12
2023-06-23 18:07:29+00:00,USD,General,LT,196.91
2023-06-24 13:44:12+00:00,USD,General,US,102.45
2023-06-24 16:19:40+00:00,USD,General,US,96.62
2023-06-24 17:41:06+00:00,USD,General,ES,47.31
2023-06-25 00:09:06+00:00,USD,,,3000.0
2023-06-25 13:13:27+00:00,USD,General,IT,47.31
2023-06-25 14:25:54+00:00,USD,General,PL,42.53
2023-06-25 15:19:35+00:00,USD,General,NL,295.36
2023-06-25 15:44:01+00:00,USD,General,DE,994.58
2023-06-25 17:34:30+00:00,USD,General,US,500.0
2023-06-25 17:56:55+00:00,USD,General,US,30.0
2023-06-25 18:22:18+00:00,USD,General,AT,14.76
2023-06-25 18:53:24+00:00,USD,General,DE,47.31
2023-06-25 20:20:17+00:00,USD,General,DE,28.19
2023-06-26 02:26:10+00:00,USD,General,US,96.62
2023-06-26 04:15:12+00:00,USD,General,US,50.0
2023-06-26 05:34:16+00:00,USD,General,PL,9.07
2023-06-26 12:09:33+00:00,USD,General,US,20.0
2023-06-26 12:38:36+00:00,USD,General,CA,98.45
2023-06-26 13:45:29+00:00,USD,General,UA,95.12
2023-06-26 16:36:22+00:00,GBP,,,47.75
2023-06-26 16:36:22+00:00,USD,,,58.75
2023-06-26 16:52:57+00:00,USD,General,UA,9.07
2023-06-26 17:45:06+00:00,USD,General,CZ,14.76
2023-06-26 18:15:10+00:00,USD,General,US,300.0
2023-06-26 19:42:58+00:00,USD,General,CH,95.12
2023-06-26 19:49:33+00:00,USD,General,ES,190.73
2023-06-27 10:19:14+00:00,USD,Victory Drones,US,100.0
2023-06-27 11:41:32+00:00,USD,100 Drones for Ukraine,US,50.0
2023-06-27 16:15:54+00:00,USD,General,US,50.0
2023-06-27 16:46:17+00:00,USD,General,US,10.0
2023-06-27 17:28:01+00:00,USD,General,PL,4.29
2023-06-27 23:07:36+00:00,USD,General,DE,19.68
2023-06-27 23:44:39+00:00,USD,General,CA,9.84
2023-06-28 01:35:56+00:00,USD,,,3000.0
2023-06-28 10:06:54+00:00,USD,General,UA,9.84
2023-06-28 10:23:38+00:00,USD,General,DE,24.61
2023-06-28 12:59:57+00:00,USD,General,CH,295.36
2023-06-28 13:39:05+00:00,USD,General,NL,47.31
2023-06-28 13:45:25+00:00,USD,General,US,50.0
2023-06-28 13:54:54+00:00,USD,General,UA,95.12
2023-06-28 14:29:48+00:00,USD,General,FR,49.22
2023-06-28 16:59:22+00:00,USD,General,US,60.0
2023-06-28 16:59:40+00:00,USD,General,US,1000.0
2023-06-28 19:54:14+00:00,USD,General,US,100.0
2023-06-29 03:48:38+00:00,USD,General,US,9.22
2023-06-29 09:31:53+00:00,GBP,,GB,63.18
2023-06-29 15:42:28+00:00,USD,General,FR,309.29
2023-06-29 17:54:44+00:00,USD,General,US,200.0
2023-06-30 10:04:21+00:00,USD,General,US,50.0
2023-06-30 20:17:46+00:00,USD,General,UA,4.29
2023-06-30 20:33:22+00:00,USD,100 Drones for Ukraine,US,250.0
2023-06-30 20:40:11+00:00,USD,General,FR,196.91
2023-06-30 22:26:38+00:00,USD,General,CA,59.07
2023-07-01 02:06:58+00:00,USD,General,US,485.06
2023-07-01 10:06:53+00:00,USD,General,US,50.0
2023-07-01 10:38:44+00:00,USD,General,DE,9.84
2023-07-01 17:26:14+00:00,USD,General,US,50.0
2023-07-01 17:26:40+00:00,USD,100 Drones for Ukraine,US,96.62
2023-07-01 18:46:36+00:00,USD,General,FI,47.31
2023-07-01 20:21:09+00:00,USD,Victory Drones,CA,147.68
2023-07-01 20:58:46+00:00,USD,100 Drones for Ukraine,DE,24.61
2023-07-02 05:00:54+00:00,USD,,,77.2
2023-07-02 05:00:54+00:00,GBP,,,63.18
2023-07-02 14:19:17+00:00,USD,General,NO,18.63
2023-07-02 16:35:04+00:00,USD,,FR,1486.0400000000002
2023-07-02 18:47:56+00:00,USD,General,CA,66.44
2023-07-02 21:34:31+00:00,USD,General,US,18.93
2023-07-03 10:12:46+00:00,USD,General,PL,29.53
2023-07-03 21:12:31+00:00,USD,General,UA,246.13
2023-07-03 22:43:35+00:00,USD,General,ES,147.68
2023-07-04 01:19:15+00:00,USD,General,CA,98.45
2023-07-04 04:45:36+00:00,USD,Victory Drones,US,193.73
2023-07-04 18:54:31+00:00,USD,General,PL,49.22
2023-07-04 20:49:54+00:00,USD,General,UA,98.45
2023-07-04 21:06:15+00:00,USD,General,PL,49.22
2023-07-04 21:57:01+00:00,USD,General,UA,20.54
2023-07-04 23:33:22+00:00,USD,General,US,300.0
2023-07-05 02:15:06+00:00,USD,,,7000.0
2023-07-05 07:22:44+00:00,USD,100 Drones for Ukraine,DE,49.22
2023-07-06 10:47:20+00:00,USD,General,DE,4.29
2023-07-06 18:02:30+00:00,USD,General,US,500.0
2023-07-07 05:29:39+00:00,USD,General,FI,49.22
2023-07-07 07:18:10+00:00,USD,100 Drones for Ukraine,DE,49.22
2023-07-07 18:31:08+00:00,USD,General,US,18.93
2023-07-07 21:50:39+00:00,USD,General,US,20.0
2023-07-08 04:21:55+00:00,USD,100 Drones for Ukraine,CA,196.91
2023-07-08 05:32:19+00:00,USD,General,US,106.33
2023-07-08 21:42:34+00:00,USD,100 Drones for Ukraine,US,100.0
2023-07-09 04:38:47+00:00,USD,General,UA,13.85
2023-07-09 09:18:22+00:00,USD,General,AT,47.31
2023-07-09 10:11:45+00:00,USD,General,US,50.0
2023-07-09 10:44:48+00:00,USD,General,NL,196.91
2023-07-09 12:36:09+00:00,USD,100 Drones for Ukraine,US,100.0
2023-07-09 14:34:31+00:00,USD,100 Drones for Ukraine,BE,98.45
2023-07-09 17:46:02+00:00,USD,General,US,9.22
2023-07-09 19:13:38+00:00,USD,General,US,48.06
2023-07-10 11:19:17+00:00,USD,General,DE,190.73
2023-07-10 11:25:48+00:00,USD,General,DE,29.53
2023-07-11 00:51:05+00:00,USD,General,AU,19.68
2023-07-11 08:04:10+00:00,USD,General,PL,23.41
2023-07-11 10:07:46+00:00,USD,General,FI,47.31
2023-07-11 10:19:45+00:00,USD,General,DE,23.41
2023-07-11 10:40:05+00:00,USD,General,IT,18.63
2023-07-11 11:10:47+00:00,USD,General,MX,4.91
2023-07-11 12:55:40+00:00,USD,General,PL,284.71000000000004
2023-07-11 14:01:04+00:00,USD,Mobile Shower Laundry Units,US,96.62
2023-07-11 20:23:05+00:00,USD,General,UA,0.47
2023-07-11 20:52:08+00:00,USD,General,UA,98.45
2023-07-12 07:06:56+00:00,USD,General,US,100.0
2023-07-12 10:01:24+00:00,USD,General,DE,68.35
2023-07-12 15:00:06+00:00,USD,100 Drones for Ukraine,US,96.62
2023-07-12 16:20:04+00:00,USD,General,FR,14.76
2023-07-12 23:30:53+00:00,USD,General,PL,19.68
2023-07-13 10:51:03+00:00,USD,General,US,25.0
2023-07-13 11:51:24+00:00,USD,General,US,50.0
2023-07-13 13:41:42+00:00,USD,General,CY,98.45
2023-07-13 13:50:42+00:00,USD,General,US,40.0
2023-07-13 14:19:17+00:00,USD,General,US,96.62
2023-07-13 14:30:58+00:00,USD,General,US,96.62
2023-07-13 15:08:23+00:00,USD,100 Drones for Ukraine,PL,19.68
2023-07-13 17:04:21+00:00,USD,General,GB,190.73
2023-07-13 17:09:29+00:00,USD,General,GB,47.31
2023-07-13 17:55:18+00:00,USD,General,US,36.0
2023-07-13 20:54:49+00:00,USD,General,US,200.0
2023-07-13 21:01:44+00:00,USD,General,PL,13.85
2023-07-13 21:12:55+00:00,USD,General,DE,4.29
2023-07-13 21:23:30+00:00,USD,General,US,50.0
2023-07-13 22:04:26+00:00,USD,General,LT,9.84
2023-07-13 23:25:24+00:00,USD,General,US,300.0
2023-07-14 01:38:12+00:00,USD,General,US,96.62
2023-07-14 02:35:48+00:00,USD,General,US,96.62
2023-07-14 03:31:38+00:00,USD,General,US,30.0
2023-07-14 03:53:36+00:00,USD,General,CA,98.45
2023-07-14 06:27:19+00:00,USD,General,US,30.0
2023-07-14 09:33:47+00:00,USD,General,DE,49.22
2023-07-14 14:31:52+00:00,USD,General,US,100.0
2023-07-14 14:35:41+00:00,USD,General,US,290.84
2023-07-14 17:56:21+00:00,USD,General,US,193.73
2023-07-14 22:52:09+00:00,USD,General,US,820.0
2023-07-15 00:25:00+00:00,USD,General,CA,49.22
2023-07-15 01:24:43+00:00,USD,General,US,50.0
2023-07-15 13:56:29+00:00,USD,General,US,50.0
2023-07-15 16:44:17+00:00,USD,General,US,48.06
2023-07-15 17:53:48+00:00,USD,General,US,4.37
2023-07-15 20:45:31+00:00,USD,,US,33.95
2023-07-15 20:57:06+00:00,USD,General,US,38.35
2023-07-15 22:24:46+00:00,USD,General,US,96.62
2023-07-16 10:16:27+00:00,USD,General,EE,20.75
2023-07-16 13:10:34+00:00,USD,General,DE,98.45
2023-07-16 17:23:34+00:00,USD,100 Drones for Ukraine,DE,29.53
2023-07-16 17:54:53+00:00,USD,General,DE,95.12
2023-07-16 23:32:36+00:00,USD,General,US,290.84
2023-07-16 23:36:16+00:00,USD,General,US,18.93
2023-07-17 03:44:26+00:00,USD,,,6000.0
2023-07-17 06:41:21+00:00,USD,General,UA,98.45
2023-07-17 11:08:12+00:00,USD,Victory Drones,GB,2.94
2023-07-17 16:58:59+00:00,USD,General,DE,573.17
2023-07-18 00:29:35+00:00,USD,100 Drones for Ukraine,US,290.84
2023-07-18 01:21:03+00:00,USD,General,CA,196.91
2023-07-18 01:55:37+00:00,USD,,,2000.0
2023-07-18 20:51:05+00:00,USD,General,ES,9.84
2023-07-19 08:37:04+00:00,USD,General,DE,18.63
2023-07-19 08:49:58+00:00,USD,General,DE,23.41
2023-07-19 08:52:14+00:00,USD,100 Drones for Ukraine,FR,19.68
2023-07-19 11:32:56+00:00,USD,General,UA,47.25
2023-07-19 13:26:04+00:00,USD,General,MT,29.53
2023-07-19 19:10:51+00:00,USD,General,AU,13.85
2023-07-19 19:56:21+00:00,USD,General,DE,98.45
2023-07-19 20:01:48+00:00,USD,General,FR,295.36
2023-07-19 20:05:48+00:00,USD,General,US,50.0
2023-07-19 20:13:24+00:00,USD,General,US,96.62
2023-07-19 21:52:08+00:00,USD,General,GB,9.84
2023-07-19 22:13:53+00:00,USD,General,PL,49.22
2023-07-19 23:12:01+00:00,USD,General,ES,32.97
2023-07-19 23:33:06+00:00,USD,General,DE,98.45
2023-07-20 00:07:28+00:00,USD,General,US,500.0
2023-07-20 01:25:17+00:00,USD,General,US,100.0
2023-07-20 03:00:10+00:00,USD,General,US,100.0
2023-07-20 03:42:13+00:00,USD,General,US,9.22
2023-07-20 11:01:44+00:00,USD,General,CA,9.07
2023-07-20 15:00:25+00:00,USD,General,GB,47.31
2023-07-20 15:09:23+00:00,USD,General,US,200.0
2023-07-20 16:07:01+00:00,USD,General,CA,98.45
2023-07-20 18:03:11+00:00,USD,General,DE,9.07
2023-07-20 19:03:32+00:00,USD,General,IT,49.22
2023-07-20 20:19:54+00:00,USD,General,DE,19.68
2023-07-21 00:09:44+00:00,USD,General,PL,19.68
2023-07-21 06:35:50+00:00,USD,General,DE,9.84
2023-07-21 10:40:41+00:00,USD,General,PL,24.61
2023-07-21 11:26:07+00:00,USD,General,US,50.0
2023-07-21 13:43:58+00:00,USD,100 Drones for Ukraine,US,193.73
2023-07-21 14:43:43+00:00,USD,General,IT,95.12
2023-07-21 16:41:30+00:00,USD,General,CH,95.12
2023-07-21 18:12:52+00:00,USD,100 Drones for Ukraine,CA,492.26
2023-07-21 19:20:52+00:00,USD,General,US,300.0
2023-07-21 20:10:13+00:00,USD,General,GB,19.68
2023-07-21 22:19:07+00:00,USD,General,CA,49.22
2023-07-22 05:27:37+00:00,USD,General,GB,95.12
2023-07-22 05:29:16+00:00,USD,100 Drones for Ukraine,BG,47.31
2023-07-22 07:05:48+00:00,USD,General,SE,39.37
2023-07-22 09:38:35+00:00,USD,General,CA,246.13
2023-07-22 10:21:05+00:00,USD,General,UA,47.31
2023-07-22 10:27:30+00:00,USD,General,NO,19.68
2023-07-22 11:17:26+00:00,USD,General,DE,9.84
2023-07-22 12:27:55+00:00,USD,100 Drones for Ukraine,PL,9.07
2023-07-22 14:55:49+00:00,USD,General,US,500.0
2023-07-22 17:48:33+00:00,USD,General,GB,147.68
2023-07-22 18:12:01+00:00,USD,General,DE,9.84
2023-07-22 18:41:21+00:00,USD,General,UA,49.22
2023-07-23 10:12:09+00:00,USD,General,US,96.62
2023-07-23 12:05:58+00:00,USD,General,GB,29.53
2023-07-23 12:41:30+00:00,USD,General,DE,49.22
2023-07-23 14:41:28+00:00,USD,General,GB,95.12
2023-07-23 15:13:07+00:00,USD,General,UA,20.67
2023-07-23 16:26:33+00:00,USD,General,UA,10.82
2023-07-23 16:45:53+00:00,USD,General,US,48.06
2023-07-23 19:49:44+00:00,USD,General,US,50.0
2023-07-23 20:34:59+00:00,USD,,,5000.0
2023-07-23 21:34:08+00:00,USD,Victory Drones,GB,2.94
2023-07-23 21:39:48+00:00,USD,General,DE,49.22
2023-07-24 00:03:15+00:00,USD,General,US,9.22
2023-07-24 00:45:25+00:00,USD,General,US,48.06
2023-07-24 06:37:58+00:00,USD,100 Drones for Ukraine,NL,98.45
2023-07-24 09:33:06+00:00,USD,General,CH,98.45
2023-07-24 10:27:34+00:00,USD,General,ES,47.31
2023-07-24 11:16:31+00:00,USD,General,ES,47.31
2023-07-24 13:44:24+00:00,USD,General,FR,14.76
2023-07-24 14:26:33+00:00,USD,General,US,96.62
2023-07-24 19:10:51+00:00,USD,100 Drones for Ukraine,US,200.0
2023-07-24 19:13:44+00:00,USD,General,DE,19.68
2023-07-24 19:28:01+00:00,USD,General,PT,49.22
2023-07-24 20:13:51+00:00,USD,General,CA,276.61
2023-07-24 20:28:05+00:00,USD,General,UA,9.84
2023-07-24 21:08:21+00:00,USD,100 Drones for Ukraine,DE,29.53
2023-07-25 00:00:42+00:00,USD,General,DE,13.85
2023-07-25 02:31:31+00:00,USD,100 Drones for Ukraine,US,100.0
2023-07-25 04:45:45+00:00,USD,General,UA,9.84
2023-07-25 05:44:53+00:00,USD,General,US,50.0
2023-07-25 12:28:27+00:00,USD,General,AE,295.36
2023-07-25 12:32:10+00:00,GBP,,GB,102.61
2023-07-25 13:20:49+00:00,USD,General,US,48.06
2023-07-25 13:33:50+00:00,USD,General,US,30.0
2023-07-25 15:24:18+00:00,USD,General,US,20.0
2023-07-25 17:49:35+00:00,USD,General,DE,4.91
2023-07-25 19:41:47+00:00,USD,General,UA,9.07
2023-07-25 20:33:03+00:00,USD,General,US,100.0
2023-07-26 06:06:10+00:00,USD,General,UA,9.84
2023-07-26 13:21:21+00:00,USD,General,US,50.0
2023-07-26 16:37:38+00:00,USD,General,IT,47.31
2023-07-26 16:44:25+00:00,USD,General,US,3000.0
2023-07-26 18:04:52+00:00,USD,General,UA,9.84
2023-07-26 18:35:09+00:00,USD,General,PL,47.31
2023-07-26 19:46:32+00:00,USD,General,NL,98.45
2023-07-27 01:43:07+00:00,USD,General,US,96.62
2023-07-27 03:36:52+00:00,USD,General,US,100.0
2023-07-27 10:56:43+00:00,USD,Victory Drones,US,100.0
2023-07-27 14:50:50+00:00,USD,General,IE,47.31
2023-07-27 15:20:53+00:00,USD,General,CA,23.41
2023-07-27 15:24:22+00:00,USD,General,CA,29.53
2023-07-27 15:27:45+00:00,GBP,,,102.61
2023-07-27 15:27:45+00:00,USD,,,128.13
2023-07-27 15:53:45+00:00,USD,General,DE,24.61
2023-07-27 17:18:07+00:00,USD,General,US,96.62
2023-07-27 20:36:39+00:00,USD,General,NL,95.12
2023-07-27 21:24:49+00:00,USD,General,DE,196.91
2023-07-27 22:05:24+00:00,USD,General,US,50.0
2023-07-27 22:22:41+00:00,USD,General,US,5.0
2023-07-28 00:30:32+00:00,USD,General,US,48.06
2023-07-28 01:13:26+00:00,USD,General,US,193.73
2023-07-28 01:24:22+00:00,USD,General,US,30.0
2023-07-28 01:36:45+00:00,USD,General,US,200.0
2023-07-28 02:14:00+00:00,USD,General,US,100.0
2023-07-28 02:59:59+00:00,USD,100 Drones for Ukraine,US,100.0
2023-07-28 03:02:49+00:00,USD,100 Drones for Ukraine,US,100.0
2023-07-28 03:20:48+00:00,USD,General,CA,95.12
2023-07-28 04:23:05+00:00,USD,General,CA,295.36
2023-07-28 06:06:22+00:00,USD,General,CA,49.22
2023-07-28 10:21:16+00:00,USD,General,DE,4.91
2023-07-28 10:23:22+00:00,USD,General,UA,9.84
2023-07-28 10:31:17+00:00,USD,General,US,50.0
2023-07-28 10:46:43+00:00,USD,General,DE,24.61
2023-07-28 13:14:35+00:00,USD,General,DE,98.45
2023-07-28 14:32:52+00:00,USD,General,PL,49.22
2023-07-28 15:21:54+00:00,USD,General,US,30.0
2023-07-28 16:00:26+00:00,USD,General,US,50.0
2023-07-28 16:08:30+00:00,USD,General,CA,98.45
2023-07-28 17:17:56+00:00,USD,General,CA,29.53
2023-07-28 17:44:41+00:00,USD,General,US,10.0
2023-07-28 20:56:22+00:00,USD,Victory Drones,UA,9.84
2023-07-28 21:55:35+00:00,USD,General,IT,98.45
2023-07-28 22:01:27+00:00,USD,General,US,100.0
2023-07-29 06:48:34+00:00,USD,General,UA,286.34
2023-07-29 11:02:54+00:00,USD,General,GB,142.92
2023-07-29 13:50:48+00:00,USD,General,AU,98.45
2023-07-29 14:22:31+00:00,USD,General,UA,9.84
2023-07-29 20:12:48+00:00,USD,Victory Drones,NL,56.88
2023-07-29 21:19:53+00:00,USD,General,US,96.62
2023-07-30 04:42:15+00:00,USD,General,US,290.84
2023-07-30 07:58:46+00:00,USD,Victory Drones,UA,9.84
2023-07-30 08:30:02+00:00,USD,Victory Drones,NL,59.07
2023-07-30 12:32:28+00:00,USD,Mobile Shower Laundry Units,NL,28.19
2023-07-30 17:53:35+00:00,USD,Mobile Shower Laundry Units,CA,295.36
2023-07-30 19:06:54+00:00,USD,General,DE,49.22
2023-07-30 20:04:21+00:00,USD,General,US,96.62
2023-07-30 22:43:02+00:00,USD,General,SE,196.91
2023-07-31 03:05:40+00:00,USD,,,9600.0
2023-07-31 06:24:52+00:00,USD,General,US,48.06
2023-07-31 11:27:01+00:00,USD,General,AU,196.91
2023-07-31 17:13:39+00:00,USD,General,GB,5.9
2023-08-01 09:48:08+00:00,USD,General,UA,98.45
2023-08-01 12:34:00+00:00,USD,100 Drones for Ukraine,DE,24.61
2023-08-01 13:23:06+00:00,USD,General,LV,42.53
2023-08-01 13:45:18+00:00,USD,General,PT,98.45
2023-08-01 14:31:35+00:00,USD,General,CA,9.07
2023-08-01 19:22:06+00:00,USD,General,US,970.61
2023-08-01 19:49:14+00:00,USD,General,FR,984.54
2023-08-01 19:55:48+00:00,USD,General,US,25.0
2023-08-01 20:43:56+00:00,USD,Victory Drones,FR,9.84
2023-08-01 23:39:46+00:00,USD,General,CA,209.85
2023-08-02 03:20:04+00:00,USD,General,US,10.0
2023-08-02 04:54:22+00:00,USD,General,UA,2.38
2023-08-02 11:51:18+00:00,USD,,CH,4.78
2023-08-02 12:27:48+00:00,USD,General,DE,147.68
2023-08-02 15:28:24+00:00,USD,100 Drones for Ukraine,US,100.0
2023-08-03 01:22:27+00:00,USD,General,AU,14.76
2023-08-03 01:50:39+00:00,USD,General,US,70.0
2023-08-03 02:13:53+00:00,USD,General,US,25.0
2023-08-03 08:46:38+00:00,USD,General,PL,477.56
2023-08-03 10:53:16+00:00,USD,General,PL,29.53
2023-08-03 13:19:18+00:00,USD,General,SK,18.63
2023-08-03 17:50:08+00:00,USD,General,US,397.66
2023-08-03 18:04:39+00:00,USD,General,CA,39.37
2023-08-04 04:21:08+00:00,USD,100 Drones for Ukraine,US,50.0
2023-08-04 06:52:04+00:00,USD,100 Drones for Ukraine,DE,18.63
2023-08-04 08:28:55+00:00,USD,General,DE,95.12
2023-08-04 09:25:47+00:00,USD,General,DE,18.63
2023-08-04 10:18:27+00:00,USD,Flight to Recovery,AU,98.45
2023-08-04 11:18:55+00:00,USD,Victory Drones,AU,98.45
2023-08-04 11:45:05+00:00,USD,General,DE,19.68
2023-08-04 14:03:45+00:00,USD,General,UA,984.54
2023-08-04 20:24:14+00:00,USD,General,DE,18.63
2023-08-04 21:29:38+00:00,USD,100 Drones for Ukraine,US,48.06
2023-08-04 21:30:37+00:00,USD,Mobile Shower Laundry Units,US,50.0
2023-08-04 21:31:47+00:00,USD,Flight to Recovery,US,50.0
2023-08-04 21:32:23+00:00,USD,Victory Drones,US,100.0
2023-08-04 21:33:21+00:00,USD,Veteranius,US,51.0
2023-08-05 01:23:00+00:00,USD,General,US,100.0
2023-08-05 05:22:13+00:00,USD,General,FI,49.22
2023-08-05 06:13:03+00:00,USD,General,US,50.0
2023-08-05 08:31:24+00:00,USD,General,NL,18.63
2023-08-05 12:18:42+00:00,USD,General,CA,34.459999999999994
2023-08-05 20:36:36+00:00,USD,General,DE,29.53
2023-08-06 09:59:07+00:00,USD,100 Drones for Ukraine,UA,98.45
2023-08-06 10:49:38+00:00,USD,General,DE,4.29
2023-08-06 12:18:31+00:00,USD,General,US,96.62
2023-08-06 18:23:28+00:00,USD,General,DE,29.53
2023-08-07 03:49:59+00:00,USD,100 Drones for Ukraine,CA,196.91
2023-08-07 04:09:14+00:00,USD,,,6400.0
2023-08-07 09:27:05+00:00,USD,General,DE,98.45
2023-08-07 09:44:29+00:00,USD,General,GB,492.26
2023-08-07 10:19:45+00:00,USD,General,DE,68.35
2023-08-07 10:52:58+00:00,USD,General,PL,18.63
2023-08-07 12:59:59+00:00,USD,General,UA,9.84
2023-08-07 15:54:31+00:00,USD,General,US,10.0
2023-08-07 20:09:01+00:00,USD,General,UA,18.63
2023-08-07 20:31:02+00:00,USD,General,DE,573.17
2023-08-07 21:43:28+00:00,USD,General,US,25.0
2023-08-07 22:11:58+00:00,USD,General,US,10.0
2023-08-07 23:40:54+00:00,USD,Mobile Shower Laundry Units,US,50.0
2023-08-08 02:54:58+00:00,USD,General,US,96.62
2023-08-08 06:58:54+00:00,USD,General,PL,98.45
2023-08-08 09:40:33+00:00,USD,General,DE,984.54
2023-08-08 10:15:19+00:00,USD,General,ES,47.31
2023-08-08 15:03:44+00:00,USD,General,DE,10.03
2023-08-09 00:57:45+00:00,USD,General,US,100.0
2023-08-09 05:06:18+00:00,USD,General,DE,9.84
2023-08-09 10:43:41+00:00,USD,General,US,50.0
2023-08-09 18:21:20+00:00,USD,General,DE,47.31
2023-08-09 20:22:56+00:00,USD,Victory Drones,FR,196.91
2023-08-10 00:12:28+00:00,USD,,,3000.0
2023-08-10 01:26:21+00:00,USD,General,US,100.0
2023-08-10 05:41:08+00:00,USD,General,ES,9.84
2023-08-10 06:38:06+00:00,USD,General,UA,47.31
2023-08-10 10:44:38+00:00,USD,General,DE,29.53
2023-08-10 13:51:38+00:00,USD,General,US,48.06
2023-08-10 15:27:03+00:00,USD,General,DE,47.31
2023-08-10 17:09:16+00:00,USD,General,US,72.0
2023-08-10 20:05:20+00:00,USD,General,US,69.43
2023-08-10 21:07:03+00:00,USD,General,CA,71.22
2023-08-11 00:15:27+00:00,USD,Mobile Shower Laundry Units,US,96.62
2023-08-11 00:20:52+00:00,USD,General,GE,71.95
2023-08-11 00:34:22+00:00,USD,General,US,50.0
2023-08-11 01:05:12+00:00,USD,General,US,1.45
2023-08-11 04:14:42+00:00,USD,General,CA,9.07
2023-08-11 04:34:09+00:00,USD,General,AU,13.85
2023-08-11 10:05:28+00:00,USD,General,DE,23.41
2023-08-11 10:18:28+00:00,USD,General,MX,4.91
2023-08-11 11:16:11+00:00,USD,General,FI,47.31
2023-08-11 11:30:01+00:00,USD,General,IT,18.63
2023-08-11 12:12:46+00:00,USD,General,CA,49.22
2023-08-11 12:32:17+00:00,USD,General,UA,9.07
2023-08-11 15:04:40+00:00,USD,General,US,48.06
2023-08-11 16:02:50+00:00,USD,General,US,100.0
2023-08-11 19:19:22+00:00,USD,General,GB,14.76
2023-08-12 03:50:53+00:00,USD,Victory Drones,US,290.84
2023-08-12 07:00:17+00:00,USD,General,UA,47.31
2023-08-12 07:39:05+00:00,USD,Victory Drones,UA,47.31
2023-08-12 14:46:39+00:00,USD,100 Drones for Ukraine,FR,98.45
2023-08-12 19:26:42+00:00,USD,General,GB,118.14
2023-08-12 22:13:06+00:00,USD,General,US,50.0
2023-08-13 01:57:43+00:00,USD,General,US,100.0
2023-08-13 10:05:10+00:00,USD,General,LU,1.96
2023-08-13 10:09:16+00:00,USD,General,US,25.0
2023-08-13 11:11:00+00:00,USD,General,GB,47.31
2023-08-13 11:34:28+00:00,USD,General,US,50.0
2023-08-13 12:52:14+00:00,USD,General,DE,118.14
2023-08-13 16:42:35+00:00,USD,General,US,23.79
2023-08-13 21:23:52+00:00,USD,Victory Drones,UA,9.07
2023-08-14 13:23:16+00:00,USD,General,DE,14.76
2023-08-14 20:07:09+00:00,USD,General,US,200.0
2023-08-14 23:20:20+00:00,USD,General,US,10.0
2023-08-15 12:45:16+00:00,USD,General,UA,668.78
2023-08-15 13:26:38+00:00,USD,Flight to Recovery,CA,29.53
2023-08-15 14:25:38+00:00,USD,General,US,100.0
2023-08-15 18:38:24+00:00,USD,General,US,21.85
2023-08-15 19:17:10+00:00,USD,General,US,50.0
2023-08-15 19:56:56+00:00,USD,Mobile Shower Laundry Units,US,48.06
2023-08-15 20:50:18+00:00,USD,General,DE,19.68
2023-08-16 00:48:44+00:00,USD,General,US,45.0
2023-08-16 06:19:54+00:00,USD,100 Drones for Ukraine,NL,98.45
2023-08-16 09:32:41+00:00,USD,General,UA,19.68
2023-08-16 10:41:52+00:00,USD,General,DE,98.45
2023-08-16 11:44:35+00:00,USD,General,EE,20.75
2023-08-16 16:08:18+00:00,USD,100 Drones for Ukraine,CA,295.36
2023-08-16 16:52:21+00:00,USD,Flight to Recovery,CA,295.36
2023-08-16 17:53:59+00:00,USD,General,US,300.0
2023-08-16 17:54:04+00:00,USD,100 Drones for Ukraine,US,5.0
2023-08-16 20:41:42+00:00,USD,General,UA,98.45
2023-08-17 08:10:55+00:00,USD,100 Drones for Ukraine,GB,2.94
2023-08-17 10:58:58+00:00,USD,Victory Drones,GB,2.94
2023-08-17 11:40:12+00:00,USD,100 Drones for Ukraine,US,100.0
2023-08-17 19:29:49+00:00,USD,General,DE,98.45
2023-08-17 21:10:09+00:00,USD,General,CA,14.76
2023-08-18 11:16:41+00:00,USD,General,DE,9.84
2023-08-18 21:13:15+00:00,USD,General,US,290.84
2023-08-19 01:13:58+00:00,USD,General,US,100.0
2023-08-19 10:16:24+00:00,USD,General,UA,47.25
2023-08-19 10:50:13+00:00,USD,100 Drones for Ukraine,CY,18.63
2023-08-19 10:56:06+00:00,USD,General,DK,19.68
2023-08-19 10:57:41+00:00,USD,General,GB,9.84
2023-08-19 12:39:49+00:00,USD,General,DE,18.63
2023-08-19 13:15:42+00:00,USD,General,GB,95.12
2023-08-19 14:33:53+00:00,USD,General,US,20.0
2023-08-19 16:00:18+00:00,USD,General,UA,9.84
2023-08-19 18:45:20+00:00,USD,General,PL,98.45
2023-08-19 19:03:25+00:00,USD,General,PL,29.53
2023-08-19 19:12:12+00:00,USD,General,UA,23.41
2023-08-19 19:19:17+00:00,USD,General,CA,98.45
2023-08-19 20:54:07+00:00,USD,General,PL,19.68
2023-08-19 20:55:18+00:00,USD,100 Drones for Ukraine,US,200.0
2023-08-19 20:56:10+00:00,USD,General,PL,19.68
2023-08-19 22:48:03+00:00,USD,General,US,50.0
2023-08-20 00:26:07+00:00,USD,General,US,96.62
2023-08-20 00:47:43+00:00,USD,General,US,150.0
2023-08-20 04:30:27+00:00,USD,,,6000.0
2023-08-20 09:08:54+00:00,USD,,CH,95.51
2023-08-20 09:24:48+00:00,USD,General,IT,11.81
2023-08-20 10:27:59+00:00,USD,General,JP,29.53
2023-08-20 11:37:55+00:00,USD,General,CA,9.07
2023-08-20 18:24:26+00:00,USD,General,UA,9.07
2023-08-20 19:26:54+00:00,USD,General,US,50.0
2023-08-20 20:16:04+00:00,USD,General,PL,43.49
2023-08-21 04:03:01+00:00,USD,Victory Drones,CA,147.68
2023-08-21 10:47:33+00:00,USD,General,PL,24.61
2023-08-21 11:29:02+00:00,USD,General,US,50.0
2023-08-21 12:09:48+00:00,USD,General,FR,98.45
2023-08-21 12:42:02+00:00,USD,General,DE,56.88
2023-08-21 17:53:59+00:00,USD,100 Drones for Ukraine,NL,18.63
2023-08-21 20:12:12+00:00,USD,100 Drones for Ukraine,CH,196.91
2023-08-21 21:55:03+00:00,USD,Victory Drones,US,50.0
2023-08-21 22:21:33+00:00,USD,100 Drones for Ukraine,CA,78.76
2023-08-22 00:12:54+00:00,USD,General,US,96.62
2023-08-22 05:36:49+00:00,USD,100 Drones for Ukraine,GB,4.91
2023-08-22 10:20:37+00:00,USD,General,CY,19.68
2023-08-22 15:37:19+00:00,USD,100 Drones for Ukraine,US,300.0
2023-08-22 16:45:25+00:00,USD,General,UA,179.26
2023-08-22 22:28:29+00:00,USD,General,ES,56.88
2023-08-23 00:19:04+00:00,USD,100 Drones for Ukraine,US,500.0
2023-08-23 03:29:10+00:00,USD,General,UA,4.29
2023-08-23 11:23:52+00:00,USD,Victory Drones,GB,2.94
2023-08-23 16:06:32+00:00,USD,General,CA,295.36
2023-08-23 17:44:02+00:00,USD,100 Drones for Ukraine,NL,39.37
2023-08-23 22:01:20+00:00,USD,General,DE,9.84
2023-08-24 05:30:10+00:00,USD,General,FR,984.54
2023-08-24 15:15:36+00:00,USD,100 Drones for Ukraine,US,50.0
2023-08-24 16:47:24+00:00,USD,General,NL,28.19
2023-08-24 18:33:15+00:00,USD,,DE,29.700000000000003
2023-08-24 18:47:11+00:00,USD,General,US,48.06
2023-08-24 19:18:49+00:00,USD,100 Drones for Ukraine,CA,95.12
2023-08-24 20:31:27+00:00,USD,General,US,150.0
2023-08-25 00:06:05+00:00,USD,General,CA,95.12
2023-08-25 01:33:28+00:00,USD,General,AU,14.76
2023-08-25 03:33:22+00:00,USD,100 Drones for Ukraine,US,100.0
2023-08-25 04:37:02+00:00,USD,General,US,100.0
2023-08-25 15:33:41+00:00,USD,General,US,28.64
2023-08-25 16:08:00+00:00,USD,General,UA,49.22
2023-08-25 16:37:19+00:00,USD,General,US,485.06
2023-08-25 17:10:18+00:00,USD,General,CA,33.470000000000006
2023-08-25 21:20:41+00:00,USD,General,US,50.0
2023-08-26 03:52:30+00:00,USD,General,US,300.0
2023-08-26 04:21:24+00:00,USD,100 Drones for Ukraine,US,485.06
2023-08-26 10:22:34+00:00,USD,General,NL,98.45
2023-08-26 10:37:47+00:00,USD,General,NL,47.31
2023-08-27 10:05:36+00:00,USD,Victory Drones,US,100.0
2023-08-27 18:44:56+00:00,USD,General,US,120.0
2023-08-27 18:45:31+00:00,USD,General,US,120.0
2023-08-27 21:49:30+00:00,USD,General,US,1000.0
2023-08-28 10:42:33+00:00,USD,General,US,50.0
2023-08-28 11:05:28+00:00,USD,General,UA,9.84
2023-08-28 11:07:56+00:00,USD,General,DE,24.61
2023-08-28 11:16:46+00:00,USD,General,DE,4.91
2023-08-28 16:24:27+00:00,USD,General,DE,147.68
2023-08-28 19:26:40+00:00,USD,General,DE,152.6
2023-08-29 02:31:01+00:00,USD,General,US,50.01
2023-08-29 10:57:49+00:00,USD,General,AU,98.45
2023-08-29 14:09:37+00:00,USD,General,US,100.0
2023-08-29 23:17:41+00:00,USD,General,US,100.0
2023-08-30 09:03:17+00:00,USD,Flight to Recovery,GB,39.37
2023-08-30 13:16:55+00:00,USD,General,FI,190.73
2023-08-30 16:13:01+00:00,USD,100 Drones for Ukraine,AE,129.95000000000002
2023-08-30 16:28:16+00:00,USD,General,GB,95.12
2023-08-30 17:09:33+00:00,USD,General,US,50.0
2023-08-30 17:13:03+00:00,USD,General,US,100.0
2023-08-30 19:59:51+00:00,USD,General,DE,49.22
2023-08-31 15:37:31+00:00,USD,General,US,193.73
2023-08-31 20:58:04+00:00,USD,General,US,96.62
2023-08-31 23:54:57+00:00,USD,General,CA,492.26
2023-09-01 00:16:01+00:00,USD,General,US,50.0
2023-09-01 02:40:15+00:00,USD,General,US,10.0
2023-09-01 02:44:46+00:00,USD,General,US,50.0
2023-09-01 05:08:40+00:00,USD,Victory Drones,SE,19.68
2023-09-01 10:39:56+00:00,USD,General,US,485.06
2023-09-01 11:02:07+00:00,USD,General,BE,49.22
2023-09-01 11:39:54+00:00,USD,100 Drones for Ukraine,DE,24.61
2023-09-01 13:33:53+00:00,USD,General,CA,33.470000000000006
2023-09-01 19:44:01+00:00,USD,Victory Drones,US,108.0
2023-09-02 11:26:50+00:00,USD,General,DE,49.22
2023-09-02 11:57:32+00:00,USD,General,DE,19.68
2023-09-02 14:15:34+00:00,USD,General,US,50.0
2023-09-02 17:44:41+00:00,USD,100 Drones for Ukraine,PT,9.07
2023-09-02 18:01:49+00:00,USD,General,MD,11.81
2023-09-02 18:04:06+00:00,USD,100 Drones for Ukraine,MD,10.82
2023-09-02 18:23:36+00:00,USD,General,US,100.0
2023-09-02 20:33:29+00:00,USD,General,PT,98.45
2023-09-02 23:29:41+00:00,USD,General,US,96.62
2023-09-03 03:48:06+00:00,USD,General,US,50.0
2023-09-03 09:23:14+00:00,USD,General,DE,19.68
2023-09-03 11:07:16+00:00,USD,General,PL,29.53
2023-09-03 18:06:15+00:00,USD,General,US,25.0
2023-09-03 23:45:30+00:00,USD,General,US,50.0
2023-09-04 01:13:46+00:00,USD,General,CA,9.07
2023-09-04 03:03:29+00:00,USD,General,US,10.0
2023-09-04 05:52:26+00:00,USD,General,US,200.0
2023-09-04 10:26:43+00:00,USD,Flight to Recovery,US,50.0
2023-09-04 11:05:01+00:00,USD,General,DE,28.19
2023-09-04 11:18:04+00:00,USD,Victory Drones,AU,98.45
2023-09-04 11:21:58+00:00,USD,Flight to Recovery,AU,98.45
2023-09-04 14:58:16+00:00,USD,General,US,96.62
2023-09-04 15:00:38+00:00,USD,General,UA,20.54
2023-09-04 16:16:51+00:00,USD,General,IT,13.85
2023-09-04 16:48:50+00:00,USD,General,US,50.0
2023-09-04 21:21:36+00:00,USD,100 Drones for Ukraine,US,630.72
2023-09-04 23:11:40+00:00,USD,100 Drones for Ukraine,US,100.0
2023-09-05 15:16:57+00:00,USD,General,US,100.0
2023-09-05 18:35:55+00:00,USD,General,BE,49.22
2023-09-06 02:13:04+00:00,USD,General,CA,541.49
2023-09-06 10:36:31+00:00,USD,General,DE,4.29
2023-09-06 14:36:31+00:00,USD,100 Drones for Ukraine,NL,19.68
2023-09-06 19:24:18+00:00,USD,General,US,96.62
2023-09-07 03:16:28+00:00,USD,General,US,1941.71
2023-09-07 10:19:18+00:00,USD,General,US,25.0
2023-09-07 10:39:44+00:00,USD,General,UA,9.07
2023-09-07 11:22:01+00:00,USD,General,DE,68.35
2023-09-09 12:18:42+00:00,USD,General,US,193.73
2023-09-09 19:37:41+00:00,USD,General,CA,33.470000000000006
2023-09-10 00:25:56+00:00,USD,General,US,43.21
2023-09-10 01:12:08+00:00,USD,100 Drones for Ukraine,US,48.06
2023-09-10 01:18:09+00:00,USD,100 Drones for Ukraine,US,51.0
2023-09-10 01:24:04+00:00,USD,100 Drones for Ukraine,US,50.0
2023-09-10 01:28:57+00:00,USD,General,ES,49.22
2023-09-10 01:34:19+00:00,USD,General,US,18.93
2023-09-10 01:36:15+00:00,USD,General,US,10.0
2023-09-10 03:53:10+00:00,USD,100 Drones for Ukraine,US,96.62
2023-09-10 04:04:55+00:00,USD,General,US,2912.81
2023-09-10 04:12:13+00:00,USD,100 Drones for Ukraine,US,48.06
2023-09-10 04:37:30+00:00,USD,,US,63.06
2023-09-10 11:14:45+00:00,USD,General,DE,29.53
2023-09-10 22:54:50+00:00,USD,General,US,10.0
2023-09-11 03:33:46+00:00,USD,General,US,96.0
2023-09-11 10:38:36+00:00,USD,General,US,100.0
2023-09-11 10:41:12+00:00,USD,General,FI,47.31
2023-09-11 10:47:38+00:00,USD,General,IT,18.63
2023-09-11 11:10:00+00:00,USD,General,MX,4.91
2023-09-11 11:39:59+00:00,USD,General,DE,23.41
2023-09-11 11:45:29+00:00,USD,General,PL,98.45
2023-09-11 16:23:08+00:00,USD,General,US,48.06
2023-09-12 08:44:43+00:00,USD,General,DE,344.59000000000003
2023-09-12 10:30:02+00:00,USD,General,US,50.0
2023-09-12 12:44:19+00:00,USD,General,US,193.73
2023-09-12 22:02:15+00:00,USD,General,US,67.49
2023-09-12 22:24:32+00:00,USD,General,DE,98.45
2023-09-13 01:38:41+00:00,USD,,US,9.31
2023-09-13 01:58:34+00:00,USD,,,20000.0
2023-09-13 03:48:08+00:00,USD,100 Drones for Ukraine,CA,196.93
2023-09-13 05:24:56+00:00,USD,100 Drones for Ukraine,US,40.0
2023-09-13 10:08:38+00:00,USD,General,GB,47.76
2023-09-13 11:07:41+00:00,USD,General,US,25.24
2023-09-13 11:18:27+00:00,USD,General,US,50.47
2023-09-13 13:39:45+00:00,USD,General,US,400.0
2023-09-13 16:32:25+00:00,USD,100 Drones for Ukraine,DE,192.53
2023-09-14 12:28:30+00:00,USD,Veteranius,DE,98.46
2023-09-15 04:14:48+00:00,USD,General,US,1959.71
2023-09-15 12:27:55+00:00,USD,General,US,48.51
2023-09-15 12:50:22+00:00,USD,100 Drones for Ukraine,US,100.0
2023-09-16 05:49:35+00:00,USD,General,UA,98.46
2023-09-16 10:08:10+00:00,USD,General,DE,99.38
2023-09-16 11:31:16+00:00,USD,General,EE,20.95
2023-09-16 15:37:56+00:00,USD,100 Drones for Ukraine,US,100.0
2023-09-16 22:17:56+00:00,USD,General,US,979.61
2023-09-17 10:52:00+00:00,USD,Victory Drones,GB,2.97
2023-09-17 11:41:05+00:00,USD,General,CA,14.9
2023-09-17 17:40:37+00:00,USD,General,US,10.0
2023-09-17 19:20:44+00:00,USD,General,US,19.11
2023-09-17 21:11:02+00:00,USD,100 Drones for Ukraine,US,40.0
2023-09-18 18:06:53+00:00,USD,General,US,25.0
2023-09-18 18:29:14+00:00,USD,100 Drones for Ukraine,US,50.0
2023-09-18 19:12:18+00:00,USD,General,DE,98.46
2023-09-19 10:09:26+00:00,USD,100 Drones for Ukraine,CY,18.81
2023-09-19 10:18:20+00:00,USD,General,GB,9.93
2023-09-19 10:24:00+00:00,USD,General,UA,47.7
2023-09-19 11:00:17+00:00,USD,General,PL,19.87
2023-09-19 15:56:43+00:00,USD,General,US,20.0
2023-09-19 19:38:19+00:00,USD,General,NL,240.78
2023-09-19 20:47:50+00:00,USD,General,DE,33.29
2023-09-20 10:28:45+00:00,USD,General,CA,9.16
2023-09-20 10:38:33+00:00,USD,General,UA,9.16
2023-09-20 11:33:46+00:00,USD,General,US,70.08
2023-09-20 18:37:08+00:00,USD,100 Drones for Ukraine,US,50.0
2023-09-20 18:51:30+00:00,USD,General,DE,98.46
2023-09-20 19:44:22+00:00,USD,General,IT,14.760000000000002
2023-09-20 19:58:19+00:00,USD,General,UA,13.99
2023-09-21 04:53:03+00:00,USD,General,CA,98.46
2023-09-21 05:02:32+00:00,USD,100 Drones for Ukraine,AU,13.99
2023-09-21 05:21:18+00:00,USD,Victory Drones,FR,49.23
2023-09-21 09:08:04+00:00,USD,General,GB,19.69
2023-09-21 10:36:31+00:00,USD,General,SE,23.63
2023-09-21 11:12:37+00:00,USD,General,US,50.47
2023-09-21 11:41:23+00:00,USD,General,PL,24.84
2023-09-21 14:34:38+00:00,USD,General,US,50.0
2023-09-21 17:40:05+00:00,USD,General,NL,28.46
2023-09-21 17:41:56+00:00,USD,Victory Drones,NL,19.69
2023-09-22 15:44:49+00:00,EUR,,FR,47.86
2023-09-22 19:25:40+00:00,USD,100 Drones for Ukraine,US,350.0
2023-09-23 10:50:54+00:00,USD,General,CA,298.14
2023-09-23 10:59:53+00:00,USD,Victory Drones,GB,2.97
2023-09-23 11:37:43+00:00,USD,100 Drones for Ukraine,AU,76.72
2023-09-23 16:05:50+00:00,USD,100 Drones for Ukraine,CA,33.29
2023-09-23 18:59:49+00:00,USD,General,IE,196.93
2023-09-24 05:38:44+00:00,USD,General,US,300.0
2023-09-24 07:07:42+00:00,USD,Veteranius,GB,29.53
2023-09-24 15:07:09+00:00,USD,Flight to Recovery,US,50.0
2023-09-24 18:50:26+00:00,USD,100 Drones for Ukraine,US,97.52
2023-09-24 19:47:12+00:00,USD,Victory Drones,US,100.0
2023-09-24 23:51:02+00:00,USD,100 Drones for Ukraine,CA,492.34
2023-09-25 03:05:11+00:00,USD,Mobile Shower Laundry Units,US,10.0
2023-09-27 10:12:19+00:00,USD,General,CY,19.87
2023-09-27 10:53:45+00:00,USD,Victory Drones,US,100.93
2023-09-27 20:48:44+00:00,USD,General,DE,98.46
2023-09-27 21:11:05+00:00,USD,General,UA,4.91
2023-09-28 06:00:07+00:00,USD,100 Drones for Ukraine,US,97.52
2023-09-28 10:26:21+00:00,USD,General,DE,4.960000000000001
2023-09-28 10:50:49+00:00,USD,General,UA,9.93
2023-09-28 10:58:31+00:00,USD,General,DE,24.84
2023-09-28 11:17:14+00:00,USD,General,US,50.47
2023-09-28 11:18:23+00:00,USD,General,DE,149.07
2023-09-28 15:41:57+00:00,USD,,,8000.0
2023-09-29 10:39:28+00:00,USD,General,GB,96.02
2023-09-29 10:59:32+00:00,USD,General,AU,99.38
2023-09-29 15:09:00+00:00,USD,General,SE,9.16
2023-09-29 18:20:15+00:00,GBP,,GB,50.0
2023-09-30 10:16:57+00:00,USD,General,US,195.53
2023-09-30 11:11:02+00:00,USD,General,PL,9.84
2023-09-30 18:49:04+00:00,USD,General,DE,14.760000000000002
2023-10-01 10:30:50+00:00,USD,100 Drones for Ukraine,DE,24.84
2023-10-01 11:19:02+00:00,USD,General,LV,24.610000000000003
2023-10-01 12:44:53+00:00,USD,General,PT,115.32
2023-10-01 13:08:57+00:00,USD,General,DE,4.91
2023-10-01 16:56:01+00:00,USD,Flight to Recovery,US,20.0
2023-10-01 16:58:39+00:00,USD,Mobile Shower Laundry Units,US,20.0
2023-10-01 17:31:12+00:00,USD,General,DE,9.84
2023-10-01 17:36:27+00:00,USD,General,US,30.0
2023-10-01 17:44:16+00:00,USD,Victory Drones,FR,73.36
2023-10-01 23:45:03+00:00,USD,General,GB,39.38
2023-10-02 05:02:27+00:00,USD,General,US,25.0
2023-10-02 05:11:10+00:00,USD,General,US,25.0
2023-10-02 09:28:28+00:00,USD,General,GB,9.84
2023-10-02 10:19:50+00:00,USD,100 Drones for Ukraine,MD,10.93
2023-10-02 11:45:00+00:00,USD,General,MD,11.92
2023-10-02 14:44:26+00:00,USD,100 Drones for Ukraine,GB,59.08
2023-10-02 15:37:25+00:00,USD,General,DE,24.610000000000003
2023-10-02 20:31:50+00:00,USD,General,CA,73.83999999999999
2023-10-02 22:01:31+00:00,USD,General,BE,98.46
2023-10-02 23:43:30+00:00,USD,General,US,50.0
2023-10-03 10:56:40+00:00,USD,General,PL,29.81
2023-10-03 19:41:43+00:00,USD,General,PL,49.23
2023-10-04 10:02:07+00:00,USD,Flight to Recovery,AU,99.38
2023-10-04 10:58:10+00:00,USD,Victory Drones,AU,99.38
2023-10-04 11:03:54+00:00,USD,Flight to Recovery,US,50.47
2023-10-04 13:46:17+00:00,USD,General,PT,9.16
2023-10-04 15:41:33+00:00,USD,100 Drones for Ukraine,UA,157.55
2023-10-05 23:51:27+00:00,USD,100 Drones for Ukraine,US,146.52
2023-10-06 10:41:27+00:00,USD,General,PL,49.23
2023-10-06 11:47:42+00:00,USD,General,DE,4.34
2023-10-06 14:13:35+00:00,USD,General,DE,4.34
2023-10-06 17:08:18+00:00,USD,General,US,50.0
2023-10-06 18:49:03+00:00,USD,General,US,50.0
2023-10-06 21:35:47+00:00,USD,General,US,25.0
2023-10-07 07:21:43+00:00,USD,General,GB,47.76
2023-10-07 10:40:28+00:00,USD,General,US,25.24
2023-10-07 11:21:06+00:00,USD,General,DE,69.0
2023-10-07 18:19:02+00:00,USD,General,US,979.61
2023-10-07 20:58:44+00:00,USD,General,US,100.0
2023-10-08 16:32:31+00:00,USD,General,US,100.0
2023-10-08 17:40:55+00:00,USD,General,ES,49.23
2023-10-09 01:09:02+00:00,USD,100 Drones for Ukraine,US,200.0
2023-10-09 17:28:21+00:00,USD,100 Drones for Ukraine,CA,196.93
2023-10-09 18:35:09+00:00,USD,100 Drones for Ukraine,US,31.85
2023-10-09 21:08:31+00:00,USD,General,DE,28.46
2023-10-10 10:30:38+00:00,USD,General,DE,29.81
2023-10-10 17:05:38+00:00,USD,General,IT,28.46
2023-10-10 20:05:51+00:00,USD,100 Drones for Ukraine,DE,49.23
2023-10-10 20:37:14+00:00,USD,,FR,96.2
2023-10-11 10:22:37+00:00,USD,General,US,100.93
2023-10-11 11:07:34+00:00,USD,General,IT,18.81
2023-10-11 11:25:28+00:00,USD,General,MX,4.960000000000001
2023-10-11 11:32:07+00:00,USD,General,DE,23.64
2023-10-11 11:36:59+00:00,USD,General,FI,47.76
2023-10-12 10:54:36+00:00,USD,General,US,50.47
2023-10-12 13:21:20+00:00,USD,General,US,2939.81
2023-10-13 10:13:51+00:00,USD,General,US,25.24
2023-10-13 10:36:32+00:00,USD,General,US,50.47
2023-10-13 10:46:56+00:00,USD,General,DE,29.53
2023-10-13 11:37:45+00:00,USD,General,GB,47.76
2023-10-13 13:04:46+00:00,USD,General,US,50.0
2023-10-14 00:37:34+00:00,USD,General,US,195.53
2023-10-14 08:51:31+00:00,USD,General,FR,207.76
2023-10-14 09:59:51+00:00,USD,General,DE,9.16
2023-10-14 12:49:39+00:00,USD,General,IT,47.76
2023-10-14 17:02:49+00:00,USD,General,UA,98.46
2023-10-14 19:43:46+00:00,USD,General,US,50.0
2023-10-15 01:59:06+00:00,USD,General,US,391.55
2023-10-15 07:52:49+00:00,USD,General,FR,24.610000000000003
2023-10-15 23:10:24+00:00,USD,100 Drones for Ukraine,US,100.0
2023-10-16 00:05:55+00:00,USD,Flight to Recovery,US,10.0
2023-10-16 04:44:50+00:00,USD,General,CA,18.81
2023-10-16 11:18:58+00:00,USD,General,DE,99.38
2023-10-16 11:32:54+00:00,USD,General,EE,20.95
2023-10-16 13:46:54+00:00,USD,General,FR,49.23
2023-10-16 19:11:08+00:00,USD,General,PL,96.02
2023-10-17 10:15:48+00:00,USD,General,CA,14.9
2023-10-17 11:12:22+00:00,USD,Victory Drones,GB,2.97
2023-10-17 14:05:25+00:00,USD,General,IT,17.720000000000002
2023-10-17 18:27:21+00:00,USD,100 Drones for Ukraine,CA,295.4
2023-10-17 18:36:55+00:00,USD,General,US,100.0
2023-10-18 01:06:45+00:00,USD,General,US,50.0
2023-10-18 01:24:35+00:00,USD,General,US,24.01
2023-10-18 03:13:21+00:00,USD,General,US,97.52
2023-10-18 15:24:03+00:00,USD,100 Drones for Ukraine,UA,157.55
2023-10-18 18:39:27+00:00,USD,General,GE,38.11
2023-10-19 07:21:07+00:00,USD,General,PL,34.46
2023-10-19 10:05:57+00:00,USD,General,DE,49.23
2023-10-19 10:23:47+00:00,USD,General,UA,47.7
2023-10-19 10:28:56+00:00,USD,General,GB,9.93
2023-10-19 10:32:10+00:00,USD,General,PL,19.87
2023-10-19 11:15:08+00:00,USD,100 Drones for Ukraine,CY,18.81
2023-10-19 11:41:26+00:00,USD,General,DE,38.5
2023-10-19 12:40:20+00:00,USD,General,US,636.57
2023-10-19 21:55:14+00:00,USD,General,CA,18.81
2023-10-20 10:18:40+00:00,USD,General,UA,9.16
2023-10-20 10:59:48+00:00,USD,General,US,70.08
2023-10-20 11:14:13+00:00,USD,General,CA,9.16
2023-10-21 02:55:28+00:00,USD,General,US,100.0
2023-10-21 03:05:56+00:00,USD,General,US,97.52
2023-10-21 05:42:06+00:00,USD,General,IT,28.46
2023-10-21 11:07:03+00:00,USD,General,SE,23.63
2023-10-21 11:08:44+00:00,USD,General,US,50.47
2023-10-21 11:32:13+00:00,USD,General,PL,24.84
2023-10-21 19:47:18+00:00,USD,General,FR,295.4
2023-10-22 03:59:33+00:00,USD,100 Drones for Ukraine,GB,96.02
2023-10-22 10:42:10+00:00,USD,100 Drones for Ukraine,IE,196.93
2023-10-22 10:45:55+00:00,USD,General,CY,19.87
2023-10-22 16:31:30+00:00,USD,General,US,100.0
2023-10-22 16:34:18+00:00,USD,100 Drones for Ukraine,US,100.0
2023-10-22 17:32:11+00:00,USD,General,UA,147.70000000000002
2023-10-23 01:17:20+00:00,USD,General,CA,49.23
2023-10-23 10:28:26+00:00,USD,Victory Drones,GB,2.97
2023-10-23 10:42:55+00:00,USD,General,CA,298.14
2023-10-23 17:42:07+00:00,USD,General,DE,19.69
2023-10-23 19:31:09+00:00,USD,Victory Drones,UA,19.69
2023-10-24 00:46:45+00:00,USD,General,AU,18.81
2023-10-24 10:16:03+00:00,USD,Flight to Recovery,US,50.0
2023-10-24 13:11:44+00:00,USD,General,NL,47.76
2023-10-26 21:17:18+00:00,USD,100 Drones for Ukraine,DE,23.64
2023-10-27 00:40:45+00:00,USD,General,US,30.0
2023-10-27 01:23:44+00:00,USD,General,US,50.0
2023-10-27 08:39:03+00:00,USD,General,NL,196.93
2023-10-27 11:25:31+00:00,USD,Victory Drones,US,100.93
2023-10-27 13:19:38+00:00,USD,General,US,28.91
2023-10-27 14:33:58+00:00,USD,,DE,9.26
2023-10-27 19:17:20+00:00,USD,General,DE,49.23
2023-10-28 10:24:57+00:00,USD,General,DE,24.84
2023-10-28 10:53:44+00:00,USD,General,UA,9.93
2023-10-28 10:54:16+00:00,USD,General,DE,4.960000000000001
2023-10-28 11:12:55+00:00,USD,General,DE,149.07
2023-10-28 11:28:47+00:00,USD,General,US,50.47
2023-10-28 15:45:26+00:00,USD,Mobile Shower Laundry Units,DE,23.64
2023-10-28 15:49:06+00:00,USD,Flight to Recovery,DE,23.64
2023-10-28 15:51:05+00:00,USD,100 Drones for Ukraine,DE,18.81
2023-10-29 07:30:57+00:00,USD,General,UA,9.84
2023-10-29 11:18:04+00:00,USD,General,AU,99.38
2023-10-29 17:20:46+00:00,USD,General,DE,18.81
2023-10-29 22:34:57+00:00,USD,100 Drones for Ukraine,CA,73.83999999999999
2023-10-30 13:13:27+00:00,USD,,,13800.0
2023-10-30 16:07:47+00:00,USD,General,US,50.0
2023-10-31 10:08:39+00:00,USD,General,US,195.53
2023-10-31 13:48:11+00:00,USD,General,NL,984.68
2023-10-31 15:50:39+00:00,USD,Mobile Shower Laundry Units,US,9.31
2023-10-31 20:15:27+00:00,USD,Victory Drones,IT,98.46
2023-11-01 10:30:09+00:00,USD,100 Drones for Ukraine,DE,24.84
2023-11-01 23:44:33+00:00,USD,General,US,34.79
2023-11-02 03:58:54+00:00,USD,General,US,489.56
2023-11-02 10:30:05+00:00,USD,General,MD,11.92
2023-11-02 10:37:30+00:00,USD,General,GB,47.76
2023-11-02 11:03:07+00:00,USD,100 Drones for Ukraine,MD,10.93
2023-11-02 11:20:03+00:00,USD,General,BE,98.46
2023-11-02 11:32:04+00:00,USD,General,US,50.0
2023-11-02 12:31:32+00:00,USD,General,DE,9.84
2023-11-02 16:49:57+00:00,USD,General,PL,49.23
2023-11-02 18:15:10+00:00,USD,General,US,300.0
2023-11-02 19:02:20+00:00,USD,100 Drones for Ukraine,NL,98.46
2023-11-02 23:32:23+00:00,USD,General,FR,9.84
2023-11-03 09:38:38+00:00,USD,General,UA,98.46
2023-11-03 10:31:10+00:00,USD,General,PL,29.81
2023-11-03 12:48:23+00:00,USD,100 Drones for Ukraine,DE,33.29
2023-11-03 20:07:50+00:00,USD,100 Drones for Ukraine,US,97.52
2023-11-04 11:07:55+00:00,USD,Victory Drones,AU,99.38
2023-11-04 11:16:00+00:00,USD,Flight to Recovery,AU,99.38
2023-11-04 11:17:08+00:00,USD,Flight to Recovery,US,50.47
2023-11-04 17:05:53+00:00,USD,100 Drones for Ukraine,US,50.0
2023-11-04 17:51:54+00:00,USD,Mobile Shower Laundry Units,US,48.51
2023-11-04 19:40:52+00:00,USD,General,US,48.51
2023-11-04 20:05:25+00:00,USD,100 Drones for Ukraine,NL,118.16
2023-11-04 20:08:09+00:00,USD,Mobile Shower Laundry Units,NL,96.49
2023-11-04 23:40:48+00:00,USD,100 Drones for Ukraine,US,146.52
2023-11-05 00:16:09+00:00,USD,100 Drones for Ukraine,CA,393.87
2023-11-05 01:16:04+00:00,USD,Mobile Shower Laundry Units,US,200.0
2023-11-05 02:06:46+00:00,USD,100 Drones for Ukraine,US,97.52
2023-11-05 03:59:45+00:00,USD,100 Drones for Ukraine,CA,14.760000000000002
2023-11-05 04:10:50+00:00,USD,Mobile Shower Laundry Units,CA,13.99
2023-11-05 11:48:28+00:00,USD,100 Drones for Ukraine,DE,14.760000000000002
2023-11-05 12:30:50+00:00,USD,General,LV,9.84
2023-11-05 13:16:46+00:00,USD,Mobile Shower Laundry Units,US,489.56
2023-11-05 16:05:03+00:00,USD,100 Drones for Ukraine,US,97.52
2023-11-06 06:38:05+00:00,USD,General,US,50.0
2023-11-06 11:32:18+00:00,USD,General,DE,4.34
2023-11-06 11:49:42+00:00,USD,General,IE,96.02
2023-11-06 14:31:26+00:00,USD,100 Drones for Ukraine,US,100.0
2023-11-06 16:39:25+00:00,USD,General,CA,98.46
2023-11-06 18:54:50+00:00,USD,,DE,30.57
2023-11-06 20:08:41+00:00,USD,General,US,100.0
2023-11-07 10:27:52+00:00,USD,General,US,25.24
2023-11-07 12:10:05+00:00,USD,General,DE,69.0
2023-11-07 15:29:08+00:00,USD,General,US,50.0
2023-11-07 16:53:41+00:00,USD,General,CZ,14.760000000000002
2023-11-07 20:05:30+00:00,USD,General,DE,29.53
2023-11-08 00:18:08+00:00,USD,Mobile Shower Laundry Units,US,24.01
2023-11-08 01:14:55+00:00,USD,General,US,587.57
2023-11-08 14:41:57+00:00,USD,Mobile Shower Laundry Units,US,24.01
2023-11-08 17:38:35+00:00,USD,General,DE,492.34
2023-11-08 20:00:52+00:00,USD,General,DE,4.34
2023-11-09 01:16:00+00:00,USD,100 Drones for Ukraine,CA,196.93
2023-11-09 15:48:46+00:00,USD,General,US,50.0
2023-11-09 15:59:11+00:00,USD,Flight to Recovery,DE,18.81
2023-11-10 07:53:25+00:00,USD,Mobile Shower Laundry Units,DE,9.16
2023-11-10 09:52:33+00:00,USD,General,FR,49.23
2023-11-10 11:07:25+00:00,USD,General,DE,29.81
2023-11-10 16:40:33+00:00,USD,Mobile Shower Laundry Units,US,244.53
2023-11-10 17:08:38+00:00,USD,General,CA,49.23
2023-11-10 19:13:19+00:00,USD,Mobile Shower Laundry Units,CA,96.02
2023-11-10 19:25:06+00:00,USD,General,US,100.0
2023-11-10 20:02:26+00:00,USD,Mobile Shower Laundry Units,GB,47.76
2023-11-11 00:37:34+00:00,USD,Mobile Shower Laundry Units,CA,385.55
2023-11-11 10:14:34+00:00,USD,General,FI,47.76
2023-11-11 10:25:05+00:00,USD,General,MX,4.960000000000001
2023-11-11 11:00:48+00:00,USD,General,DE,23.64
2023-11-11 11:30:52+00:00,USD,General,US,100.93
2023-11-11 11:36:56+00:00,USD,General,IT,18.81
2023-11-11 22:44:00+00:00,USD,100 Drones for Ukraine,US,97.52
2023-11-12 11:29:56+00:00,USD,General,US,50.47
2023-11-12 22:51:49+00:00,USD,General,US,34.79
2023-11-13 00:19:59+00:00,USD,Flight to Recovery,US,50.0
2023-11-13 08:37:38+00:00,USD,General,NO,29.53
2023-11-13 09:32:17+00:00,USD,General,UA,1969.39
2023-11-13 10:24:40+00:00,USD,General,GB,47.76
2023-11-13 10:34:51+00:00,USD,General,US,25.24
2023-11-13 16:55:59+00:00,USD,General,US,100.0
2023-11-14 02:33:39+00:00,USD,General,US,500.0
2023-11-14 19:46:34+00:00,USD,100 Drones for Ukraine,UA,9.84
2023-11-14 20:53:04+00:00,USD,General,DE,9.84
2023-11-15 12:51:57+00:00,USD,General,DE,344.64
2023-11-15 21:58:31+00:00,USD,General,PL,29.53
2023-11-16 01:59:16+00:00,USD,General,AU,19.69
2023-11-16 10:14:10+00:00,USD,General,PL,96.02
2023-11-16 10:30:53+00:00,USD,General,EE,20.95
2023-11-16 11:28:58+00:00,USD,General,DE,99.38
2023-11-17 10:11:20+00:00,USD,Victory Drones,GB,2.97
2023-11-17 14:15:15+00:00,USD,General,DE,14.760000000000002
2023-11-17 14:35:13+00:00,USD,,,11500.0
2023-11-17 17:08:52+00:00,USD,Mobile Shower Laundry Units,US,48.51
2023-11-17 20:25:47+00:00,USD,General,EE,47.76
2023-11-17 22:24:33+00:00,USD,Mobile Shower Laundry Units,US,9.31
2023-11-17 22:44:07+00:00,USD,Mobile Shower Laundry Units,CA,675.08
2023-11-18 00:45:38+00:00,USD,General,US,20.0
2023-11-18 12:28:28+00:00,USD,Mobile Shower Laundry Units,US,48.51
2023-11-18 12:34:16+00:00,USD,General,DK,18.81
2023-11-18 22:38:07+00:00,USD,General,DE,47.76
2023-11-18 23:04:10+00:00,USD,General,DE,98.46
2023-11-18 23:23:13+00:00,USD,General,US,200.0
2023-11-19 04:26:29+00:00,USD,General,US,9.31
2023-11-19 10:01:04+00:00,USD,100 Drones for Ukraine,CY,18.81
2023-11-19 10:27:21+00:00,USD,General,GB,9.93
2023-11-19 10:52:36+00:00,USD,General,UA,47.7
2023-11-19 11:19:52+00:00,USD,General,PL,19.87
2023-11-19 15:06:54+00:00,USD,General,UA,9.16
2023-11-20 02:25:46+00:00,USD,General,US,50.0
2023-11-20 09:51:55+00:00,USD,General,DE,29.53
2023-11-20 09:57:01+00:00,USD,General,IT,9.84
2023-11-20 10:24:08+00:00,USD,General,CA,9.16
2023-11-20 10:40:31+00:00,USD,General,US,70.08
2023-11-20 10:46:54+00:00,USD,General,UA,9.16
2023-11-20 11:13:22+00:00,USD,General,US,97.52
2023-11-20 14:05:31+00:00,USD,100 Drones for Ukraine,AT,19.69
2023-11-20 20:34:15+00:00,USD,100 Drones for Ukraine,FR,34.46
2023-11-21 10:06:18+00:00,USD,General,PL,24.84
2023-11-21 10:08:27+00:00,USD,General,US,50.47
2023-11-21 10:25:39+00:00,USD,General,PL,34.46
2023-11-21 10:59:19+00:00,USD,General,SE,23.63
2023-11-21 11:52:43+00:00,USD,General,US,250.0
2023-11-21 20:33:06+00:00,USD,General,IT,9.16
2023-11-22 02:07:56+00:00,USD,General,DE,9.16
2023-11-22 02:09:29+00:00,USD,100 Drones for Ukraine,DE,9.16
2023-11-22 04:07:18+00:00,USD,General,US,500.0
2023-11-22 10:04:39+00:00,USD,General,CY,19.87
2023-11-22 16:07:06+00:00,USD,100 Drones for Ukraine,UA,157.55
2023-11-23 10:06:54+00:00,USD,General,US,50.47
2023-11-23 10:30:39+00:00,USD,Victory Drones,GB,2.97
2023-11-23 10:34:18+00:00,USD,General,CA,298.14
2023-11-23 12:21:24+00:00,USD,General,US,500.0
2023-11-23 15:35:44+00:00,USD,General,US,50.0
2023-11-23 16:08:37+00:00,USD,General,DE,28.46
2023-11-23 21:07:06+00:00,USD,General,UA,78.76
2023-11-24 10:16:24+00:00,USD,Flight to Recovery,US,50.0
2023-11-24 10:50:52+00:00,USD,Victory Drones,US,97.52
2023-11-24 14:28:47+00:00,USD,General,US,10000.0
2023-11-24 19:12:14+00:00,USD,100 Drones for Ukraine,US,25.0
2023-11-25 08:35:16+00:00,USD,100 Drones for Ukraine,GB,49.23
2023-11-25 10:48:04+00:00,USD,General,GB,590.81
2023-11-25 13:31:35+00:00,USD,100 Drones for Ukraine,DE,196.93
2023-11-25 17:29:03+00:00,USD,General,DE,9.84
2023-11-25 17:41:32+00:00,USD,General,IT,18.71
2023-11-25 18:54:14+00:00,USD,General,PL,29.53
2023-11-26 04:27:15+00:00,USD,General,US,100.0
2023-11-26 14:18:31+00:00,USD,General,GB,19.69
2023-11-26 19:12:10+00:00,USD,Mobile Shower Laundry Units,NL,96.02
2023-11-26 19:28:18+00:00,USD,General,FR,196.93
2023-11-26 23:40:50+00:00,USD,General,US,28.91
2023-11-27 01:53:49+00:00,USD,General,US,100.0
2023-11-27 10:41:22+00:00,USD,Victory Drones,US,100.93
2023-11-27 19:03:27+00:00,USD,General,UA,49.23
2023-11-27 19:47:17+00:00,USD,General,NL,50.66
2023-11-27 22:02:28+00:00,USD,General,CA,984.68
2023-11-28 00:04:21+00:00,USD,Mobile Shower Laundry Units,US,19.11
2023-11-28 10:53:57+00:00,USD,General,DE,149.07
2023-11-28 11:06:56+00:00,USD,General,US,50.47
2023-11-28 11:16:09+00:00,USD,General,DE,24.84
2023-11-28 11:32:29+00:00,USD,General,UA,9.93
2023-11-28 11:35:29+00:00,USD,General,DE,4.960000000000001
2023-11-28 16:08:56+00:00,USD,100 Drones for Ukraine,CA,98.46
2023-11-28 18:08:00+00:00,USD,General,US,20.0
2023-11-28 19:07:36+00:00,USD,Mobile Shower Laundry Units,US,48.51
2023-11-28 20:26:56+00:00,USD,Mobile Shower Laundry Units,US,97.52
2023-11-29 01:34:16+00:00,USD,Mobile Shower Laundry Units,US,24.01
2023-11-29 07:03:18+00:00,USD,Mobile Shower Laundry Units,UA,9.16
2023-11-29 10:08:31+00:00,USD,Flight to Recovery,PL,9.84
2023-11-29 10:11:37+00:00,USD,Mobile Shower Laundry Units,PL,9.16
2023-11-29 10:17:05+00:00,USD,100 Drones for Ukraine,PL,9.84
2023-11-29 11:15:08+00:00,USD,General,AU,99.38
2023-11-29 12:01:23+00:00,USD,Victory Drones,NL,47.76
2023-11-29 12:44:13+00:00,USD,,,17500.0
2023-11-29 14:27:09+00:00,EUR,,,47.86
2023-11-29 14:27:09+00:00,USD,,,51.02
2023-11-29 14:27:29+00:00,GBP,,,50.0
2023-11-29 14:27:29+00:00,USD,,,61.44
2023-11-29 16:06:43+00:00,USD,100 Drones for Ukraine,UA,157.55
2023-11-29 16:16:42+00:00,USD,100 Drones for Ukraine,DE,47.76
2023-11-30 00:28:59+00:00,USD,General,US,53.42
2023-11-30 10:21:51+00:00,USD,General,US,195.53
2023-11-30 16:14:12+00:00,USD,General,UA,5.3
2023-11-30 18:31:28+00:00,EUR,,DK,24.27
2023-11-30 20:50:36+00:00,USD,General,CA,147.70000000000002
2023-12-01 10:29:48+00:00,USD,100 Drones for Ukraine,DE,24.84
2023-12-01 13:30:20+00:00,USD,General,US,50.0
2023-12-01 15:15:12+00:00,USD,General,DE,39.38
2023-12-01 15:42:10+00:00,USD,Mobile Shower Laundry Units,US,587.57
2023-12-01 18:24:02+00:00,USD,General,US,50.0
2023-12-01 20:12:53+00:00,USD,100 Drones for Ukraine,FR,49.23
2023-12-02 10:04:08+00:00,USD,General,BE,98.46
2023-12-02 10:19:43+00:00,USD,General,MD,11.92
2023-12-02 10:19:44+00:00,USD,General,US,50.0
2023-12-02 11:31:01+00:00,USD,General,DE,9.84
2023-12-02 11:44:47+00:00,USD,100 Drones for Ukraine,MD,10.93
2023-12-02 15:39:52+00:00,USD,General,US,20.0
2023-12-02 15:48:12+00:00,USD,General,US,45.0
2023-12-02 15:59:25+00:00,USD,General,US,9.31
2023-12-02 16:22:24+00:00,USD,100 Drones for Ukraine,US,33.81
2023-12-02 16:35:10+00:00,USD,General,US,40.0
2023-12-02 17:11:18+00:00,USD,,US,33.81
2023-12-02 18:54:12+00:00,USD,General,US,68.12
2023-12-02 19:38:37+00:00,USD,General,US,14.21
2023-12-02 19:39:43+00:00,USD,Mobile Shower Laundry Units,US,979.61
2023-12-02 22:57:08+00:00,USD,General,DE,19.69
2023-12-03 10:37:13+00:00,USD,General,PL,29.81
2023-12-03 20:24:14+00:00,USD,100 Drones for Ukraine,FR,39.38
2023-12-04 11:14:20+00:00,USD,Flight to Recovery,US,50.47
2023-12-04 11:25:56+00:00,USD,Flight to Recovery,AU,99.38
2023-12-04 11:36:06+00:00,USD,General,DE,19.69
2023-12-04 11:43:45+00:00,USD,Victory Drones,AU,99.38
2023-12-04 13:58:04+00:00,USD,100 Drones for Ukraine,GB,192.53
2023-12-04 15:37:11+00:00,USD,General,US,0.49
2023-12-05 05:50:19+00:00,USD,Mobile Shower Laundry Units,US,19.11
2023-12-05 17:30:23+00:00,USD,Mobile Shower Laundry Units,US,97.52
2023-12-05 18:40:40+00:00,USD,General,US,19.11
2023-12-05 18:42:04+00:00,USD,Mobile Shower Laundry Units,US,20.09
2023-12-05 19:06:27+00:00,USD,General,US,100.0
2023-12-05 19:27:52+00:00,USD,100 Drones for Ukraine,US,48.51
2023-12-05 19:40:36+00:00,EUR,,DE,96.12
2023-12-06 00:11:03+00:00,USD,General,US,195.53
2023-12-06 10:15:10+00:00,USD,General,DE,4.34
2023-12-06 20:31:16+00:00,USD,General,IT,18.81
2023-12-06 22:40:21+00:00,USD,General,DE,49.23
2023-12-06 23:04:04+00:00,USD,100 Drones for Ukraine,CA,196.93
2023-12-07 09:51:56+00:00,USD,Victory Drones,AU,98.46
2023-12-07 10:12:26+00:00,USD,General,DE,69.0
2023-12-07 10:19:53+00:00,USD,General,US,25.24
2023-12-07 10:52:32+00:00,USD,General,US,50.0
2023-12-07 11:08:12+00:00,USD,Victory Drones,ES,9.84
2023-12-07 12:23:23+00:00,USD,General,DE,47.76
2023-12-07 15:43:59+00:00,USD,100 Drones for Ukraine,UA,9.16
2023-12-07 19:21:23+00:00,USD,100 Drones for Ukraine,DE,23.64
2023-12-07 20:40:26+00:00,USD,General,AU,19.69
2023-12-07 22:00:35+00:00,USD,General,US,100.0
2023-12-07 22:20:44+00:00,EUR,,DE,96.12
2023-12-08 05:19:43+00:00,USD,Victory Drones,US,100.0
2023-12-08 07:17:56+00:00,USD,,DK,18.81
2023-12-08 18:02:48+00:00,USD,100 Drones for Ukraine,CA,289.04
2023-12-08 20:59:23+00:00,USD,Victory Drones,US,200.0
2023-12-08 21:29:15+00:00,USD,General,US,50.0
2023-12-09 00:33:53+00:00,USD,Mobile Shower Laundry Units,US,489.56
2023-12-09 01:00:45+00:00,USD,General,US,979.61
2023-12-09 04:13:14+00:00,USD,General,US,200.0
2023-12-09 05:04:26+00:00,USD,100 Drones for Ukraine,US,50.0
2023-12-09 11:29:11+00:00,USD,Victory Drones,DE,73.83999999999999
2023-12-09 19:18:34+00:00,USD,Mobile Shower Laundry Units,ES,9.16
2023-12-09 20:45:34+00:00,USD,General,NL,192.01
2023-12-09 21:11:35+00:00,USD,General,PL,57.42
2023-12-10 00:24:32+00:00,USD,General,US,50.0
2023-12-10 10:32:19+00:00,USD,General,DE,123.68
2023-12-10 10:36:49+00:00,USD,General,DE,29.81
2023-12-10 16:05:05+00:00,USD,General,US,97.52
2023-12-10 17:52:30+00:00,USD,General,DE,29.53
2023-12-10 18:00:42+00:00,USD,,DE,14.41
2023-12-10 18:20:19+00:00,USD,General,UA,49.23
2023-12-10 18:40:43+00:00,USD,General,US,2449.76
2023-12-10 21:36:26+00:00,USD,General,DE,29.53
2023-12-11 00:18:39+00:00,USD,General,DE,38.11
2023-12-11 03:01:03+00:00,USD,General,US,500.0
2023-12-11 03:10:57+00:00,USD,General,CA,4.34
2023-12-11 06:38:13+00:00,USD,100 Drones for Ukraine,ES,9.84
2023-12-11 10:07:35+00:00,USD,General,MX,4.960000000000001
2023-12-11 10:13:40+00:00,USD,General,DE,23.64
2023-12-11 10:19:12+00:00,USD,General,US,100.93
2023-12-11 10:29:16+00:00,USD,General,FI,47.76
2023-12-11 11:29:31+00:00,USD,General,IT,18.81
2023-12-11 12:10:06+00:00,USD,General,BE,96.02
2023-12-11 13:51:20+00:00,USD,General,GB,98.46
2023-12-11 15:20:47+00:00,USD,General,US,97.52
2023-12-11 16:21:21+00:00,USD,General,PL,49.23
2023-12-12 05:03:12+00:00,USD,General,US,200.0
2023-12-12 11:08:06+00:00,USD,General,US,50.47
2023-12-12 17:09:56+00:00,USD,Mobile Shower Laundry Units,US,97.52
2023-12-12 17:29:56+00:00,USD,Mobile Shower Laundry Units,DE,86.37
2023-12-12 19:44:09+00:00,USD,General,US,20.0
2023-12-13 03:37:15+00:00,USD,General,US,350.0
2023-12-13 10:10:00+00:00,USD,General,US,50.47
2023-12-13 10:22:01+00:00,USD,General,GB,47.76
2023-12-13 11:41:29+00:00,USD,General,US,25.24
2023-12-13 16:58:54+00:00,USD,General,US,97.52
